Date,PRCP,TMAX,TMIN,CfbWinner,CfbLoser,CfbTV,cfbGame,Winner/tie,Loser/tie,NflGame,psa_sales,Orders,Online%,carryout%,Rewards Enrollment,online_sales,Day,Class,BiClass
2015-08-01,0.135,91.0,71.0,-1,-1,-1,0.0,-1,-1,0.0,4317.255234,22493,49.89723806,37.87400525,729580.0,2154.19112177,5,2,1
2015-08-02,0.00047619047619,94.6666666667,67.6666666667,-1,-1,-1,0.0,-1,-1,0.0,3030.592991,16583,53.10734197,38.55152867,730091.0,1609.46738345,6,0,0
2015-08-03,0.000909090909091,95.3333333333,71.3333333333,-1,-1,-1,0.0,-1,-1,0.0,2233.358692,13210,52.56931662,39.9015897,730446.0,1174.06140206,0,0,0
2015-08-04,0.1105,97.3333333333,70.3333333333,-1,-1,-1,0.0,-1,-1,0.0,2530.907009,15912,51.29331382,48.52941176,730881.0,1298.18607462,1,0,0
2015-08-05,0.0,97.0,72.6666666667,-1,-1,-1,0.0,-1,-1,0.0,2529.394299,14061,51.25842436,39.95448403,731251.0,1296.52766352,2,0,0
2015-08-06,0.0854545454545,88.3333333333,72.6666666667,-1,-1,-1,0.0,-1,-1,0.0,2881.298598,16018,52.1665935,39.00611812,731683.0,1503.07532714,3,0,0
2015-08-07,0.5836,88.0,72.6666666667,-1,-1,-1,0.0,-1,-1,0.0,4632.285888,24412,53.31200907,40.50057349,732286.0,2469.56467276,4,3,1
2015-08-08,0.0,92.6666666667,69.0,-1,-1,-1,0.0,-1,-1,0.0,4188.353364,22042,52.07241683,38.05915979,732867.0,2180.97682202,5,2,1
2015-08-09,0.000526315789474,92.6666666667,71.3333333333,-1,-1,-1,0.0,-1,-1,0.0,2889.098505,16065,54.36823193,39.27170868,733285.0,1570.75177588,6,0,0
2015-08-10,0.0722222222222,94.0,73.3333333333,-1,-1,-1,0.0,-1,-1,0.0,1969.159626,11482,53.88625386,37.61539801,733575.0,1061.10635497,0,0,0
2015-08-11,0.317916666667,91.0,72.0,-1,-1,-1,0.0,-1,-1,0.0,2158.41,13885,50.6155903,50.90385308,733977.0,1092.49196259,1,0,0
2015-08-12,0.0147368421053,90.0,70.3333333333,-1,-1,-1,0.0,-1,-1,0.0,2288.38785,13083,53.71485456,40.6710999,734301.0,1229.2042054,2,0,0
2015-08-13,0.0455555555556,89.3333333333,68.6666666667,-1,-1,-1,0.0,-1,-1,0.0,2676.004486,15067,53.37436745,39.92832017,734742.0,1428.30046734,3,0,0
2015-08-14,0.502727272727,89.6666666667,71.0,-1,-1,-1,0.0,-1,-1,0.0,4666.591215,24585,53.08704591,40.44335977,735397.0,2477.35542074,4,3,1
2015-08-15,0.0,90.0,69.0,-1,-1,-1,0.0,-1,-1,0.0,4376.67215,23598,53.54498848,38.33799475,736053.0,2343.48859852,5,3,1
2015-08-16,0.0025,90.0,70.3333333333,-1,-1,-1,0.0,-1,-1,0.0,2710.248692,15062,53.94148573,38.76643208,736458.0,1461.94841144,6,0,0
2015-08-17,0.111578947368,87.6666666667,71.3333333333,-1,-1,-1,0.0,-1,-1,0.0,2012.891028,12130,57.64670836,39.76092333,736803.0,1160.36542052,0,0,0
2015-08-18,0.635238095238,87.6666666667,71.6666666667,-1,-1,-1,0.0,-1,-1,0.0,2170.39514,13879,51.59836522,49.15339722,737169.0,1119.88841105,1,0,0
2015-08-19,0.875714285714,87.6666666667,72.0,-1,-1,-1,0.0,-1,-1,0.0,2241.668411,12538,52.12017901,39.12107194,737464.0,1168.36158862,2,0,0
2015-08-20,0.7636,87.6666666667,73.0,-1,-1,-1,0.0,-1,-1,0.0,2397.295607,13420,52.62475087,39.50074516,737845.0,1261.5708408,3,0,0
2015-08-21,0.175217391304,88.6666666667,73.0,-1,-1,-1,0.0,-1,-1,0.0,4530.074393,23674,52.1257599,40.14108304,738461.0,2361.33570139,4,3,1
2015-08-22,0.03,90.6666666667,72.6666666667,-1,-1,-1,0.0,-1,-1,0.0,4201.112243,22287,52.18207123,39.84834208,739022.0,2192.22738309,5,2,1
2015-08-23,0.340454545455,85.6666666667,69.6666666667,-1,-1,-1,0.0,-1,-1,0.0,2864.496075,16006,56.01565254,38.17943271,739462.0,1604.56616839,6,0,0
2015-08-24,0.510384615385,89.6666666667,71.3333333333,-1,-1,-1,0.0,-1,-1,0.0,1798.936168,11296,58.23732687,42.21848442,739742.0,1047.65233634,0,0,0
2015-08-25,0.00136363636364,84.0,63.6666666667,-1,-1,-1,0.0,-1,-1,0.0,2043.502804,13298,50.04456339,54.07580087,740064.0,1022.66205612,1,0,0
2015-08-26,0.0,86.0,59.6666666667,-1,-1,-1,0.0,-1,-1,0.0,2146.188037,12258,51.8893311,41.49127101,740399.0,1113.64261655,2,0,0
2015-08-27,0.0,85.3333333333,65.0,-1,-1,-1,0.0,-1,-1,0.0,2409.620093,13557,48.92698989,40.70222026,740760.0,1178.95457929,3,0,0
2015-08-28,0.0,83.3333333333,68.3333333333,-1,-1,-1,0.0,-1,-1,0.0,4696.620187,25048,52.59152754,40.61402108,741546.0,2470.0242991,4,3,1
2015-08-29,0.0,82.3333333333,70.3333333333,-1,-1,-1,0.0,-1,-1,0.0,4394.677757,23556,53.10847539,38.58040414,742265.0,2333.94635505,5,3,1
2015-08-30,0.1,75.0,66.6666666667,-1,-1,-1,0.0,-1,-1,0.0,3042.908879,17147,57.45139343,38.35073191,742857.0,1748.19355179,6,1,0
2015-08-31,0.468461538462,83.3333333333,67.0,-1,-1,-1,0.0,-1,-1,0.0,2023.153925,12591,58.67504826,42.70510682,743273.0,1187.08654187,0,0,0
2015-09-01,0.0459090909091,88.6666666667,66.3333333333,-1,-1,-1,0.0,-1,-1,0.0,2434.02271,15838,50.64940186,51.75527213,743781.0,1232.81794375,1,0,0
2015-09-02,0.000416666666667,90.3333333333,70.3333333333,-1,-1,-1,0.0,-1,-1,0.0,2444.068505,14183,52.80261008,41.11259959,744336.0,1290.53196278,2,0,0
2015-09-03,0.0252173913043,89.0,70.6666666667,93,171,-1,1.0,-1,-1,0.0,3181.354299,17940,53.91462185,38.65663322,745017.0,1715.21514001,3,1,0
2015-09-03,0.0252173913043,89.0,70.6666666667,46,95,-1,1.0,-1,-1,0.0,3181.354299,17940,53.91462185,38.65663322,745017.0,1715.21514001,3,1,0
2015-09-03,0.0252173913043,89.0,70.6666666667,81,141,-1,1.0,-1,-1,0.0,3181.354299,17940,53.91462185,38.65663322,745017.0,1715.21514001,3,1,0
2015-09-04,0.127037037037,92.6666666667,68.6666666667,135,162,-1,1.0,-1,-1,0.0,5128.590374,26878,47.13802778,41.08192574,745854.0,2417.51635522,4,3,1
2015-09-04,0.127037037037,92.6666666667,68.6666666667,103,180,-1,1.0,-1,-1,0.0,5128.590374,26878,47.13802778,41.08192574,745854.0,2417.51635522,4,3,1
2015-09-04,0.127037037037,92.6666666667,68.6666666667,142,184,-1,1.0,-1,-1,0.0,5128.590374,26878,47.13802778,41.08192574,745854.0,2417.51635522,4,3,1
2015-09-05,0.04875,87.6666666667,70.3333333333,129,45,-1,1.0,-1,-1,0.0,5275.229439,25982,49.50017588,38.7537526,746877.0,2611.24785038,5,3,1
2015-09-05,0.04875,87.6666666667,70.3333333333,63,170,-1,1.0,-1,-1,0.0,5275.229439,25982,49.50017588,38.7537526,746877.0,2611.24785038,5,3,1
2015-09-05,0.04875,87.6666666667,70.3333333333,149,136,-1,1.0,-1,-1,0.0,5275.229439,25982,49.50017588,38.7537526,746877.0,2611.24785038,5,3,1
2015-09-05,0.04875,87.6666666667,70.3333333333,16,185,-1,1.0,-1,-1,0.0,5275.229439,25982,49.50017588,38.7537526,746877.0,2611.24785038,5,3,1
2015-09-05,0.04875,87.6666666667,70.3333333333,4,168,-1,1.0,-1,-1,0.0,5275.229439,25982,49.50017588,38.7537526,746877.0,2611.24785038,5,3,1
2015-09-05,0.04875,87.6666666667,70.3333333333,172,135,-1,1.0,-1,-1,0.0,5275.229439,25982,49.50017588,38.7537526,746877.0,2611.24785038,5,3,1
2015-09-05,0.04875,87.6666666667,70.3333333333,188,15,-1,1.0,-1,-1,0.0,5275.229439,25982,49.50017588,38.7537526,746877.0,2611.24785038,5,3,1
2015-09-05,0.04875,87.6666666667,70.3333333333,58,166,-1,1.0,-1,-1,0.0,5275.229439,25982,49.50017588,38.7537526,746877.0,2611.24785038,5,3,1
2015-09-05,0.04875,87.6666666667,70.3333333333,113,159,-1,1.0,-1,-1,0.0,5275.229439,25982,49.50017588,38.7537526,746877.0,2611.24785038,5,3,1
2015-09-05,0.04875,87.6666666667,70.3333333333,196,48,-1,1.0,-1,-1,0.0,5275.229439,25982,49.50017588,38.7537526,746877.0,2611.24785038,5,3,1
2015-09-05,0.04875,87.6666666667,70.3333333333,13,167,-1,1.0,-1,-1,0.0,5275.229439,25982,49.50017588,38.7537526,746877.0,2611.24785038,5,3,1
2015-09-05,0.04875,87.6666666667,70.3333333333,74,94,-1,1.0,-1,-1,0.0,5275.229439,25982,49.50017588,38.7537526,746877.0,2611.24785038,5,3,1
2015-09-05,0.04875,87.6666666667,70.3333333333,161,119,-1,1.0,-1,-1,0.0,5275.229439,25982,49.50017588,38.7537526,746877.0,2611.24785038,5,3,1
2015-09-05,0.04875,87.6666666667,70.3333333333,169,100,-1,1.0,-1,-1,0.0,5275.229439,25982,49.50017588,38.7537526,746877.0,2611.24785038,5,3,1
2015-09-05,0.04875,87.6666666667,70.3333333333,127,105,-1,1.0,-1,-1,0.0,5275.229439,25982,49.50017588,38.7537526,746877.0,2611.24785038,5,3,1
2015-09-05,0.04875,87.6666666667,70.3333333333,203,16,-1,1.0,-1,-1,0.0,5275.229439,25982,49.50017588,38.7537526,746877.0,2611.24785038,5,3,1
2015-09-05,0.04875,87.6666666667,70.3333333333,26,177,-1,1.0,-1,-1,0.0,5275.229439,25982,49.50017588,38.7537526,746877.0,2611.24785038,5,3,1
2015-09-06,0.0,85.5,69.5,-1,-1,-1,0.0,-1,-1,0.0,3593.76514,17806,49.29043387,39.21711783,747537.0,1771.38242977,6,1,0
2015-09-07,0.0278947368421,85.6666666667,67.0,1,178,-1,1.0,-1,-1,0.0,2844.539252,16388,57.68938813,38.61361972,748192.0,1640.9972896,0,1,0
2015-09-08,0.0673076923077,84.6666666667,70.3333333333,-1,-1,-1,0.0,-1,-1,0.0,2076.729907,14039,52.3685107,51.37118028,748697.0,1087.55252356,1,0,0
2015-09-09,0.345555555556,87.0,70.6666666667,-1,-1,-1,0.0,-1,-1,0.0,2125.541402,12662,53.20036549,40.88611594,749145.0,1130.79579451,2,0,0
2015-09-10,0.397272727273,86.0,69.3333333333,-1,-1,-1,0.0,18,24,1.0,2856.292523,16480,54.32261218,39.99393204,749736.0,1551.61271,3,0,0
2015-09-11,0.622380952381,86.0,67.6666666667,118,175,5,1.0,-1,-1,0.0,4513.204299,24792,53.87576757,40.90432398,750519.0,2431.52345809,4,3,1
2015-09-12,0.00166666666667,78.6666666667,60.0,77,140,12,1.0,-1,-1,0.0,4780.635981,26101,54.41058413,38.82992989,751423.0,2601.17196239,5,3,1
2015-09-12,0.00166666666667,78.6666666667,60.0,93,145,3,1.0,-1,-1,0.0,4780.635981,26101,54.41058413,38.82992989,751423.0,2601.17196239,5,3,1
2015-09-12,0.00166666666667,78.6666666667,60.0,149,130,12,1.0,-1,-1,0.0,4780.635981,26101,54.41058413,38.82992989,751423.0,2601.17196239,5,3,1
2015-09-12,0.00166666666667,78.6666666667,60.0,135,134,9,1.0,-1,-1,0.0,4780.635981,26101,54.41058413,38.82992989,751423.0,2601.17196239,5,3,1
2015-09-12,0.00166666666667,78.6666666667,60.0,182,37,5,1.0,-1,-1,0.0,4780.635981,26101,54.41058413,38.82992989,751423.0,2601.17196239,5,3,1
2015-09-12,0.00166666666667,78.6666666667,60.0,16,96,6,1.0,-1,-1,0.0,4780.635981,26101,54.41058413,38.82992989,751423.0,2601.17196239,5,3,1
2015-09-12,0.00166666666667,78.6666666667,60.0,11,158,4,1.0,-1,-1,0.0,4780.635981,26101,54.41058413,38.82992989,751423.0,2601.17196239,5,3,1
2015-09-12,0.00166666666667,78.6666666667,60.0,5,176,2,1.0,-1,-1,0.0,4780.635981,26101,54.41058413,38.82992989,751423.0,2601.17196239,5,3,1
2015-09-12,0.00166666666667,78.6666666667,60.0,38,173,6,1.0,-1,-1,0.0,4780.635981,26101,54.41058413,38.82992989,751423.0,2601.17196239,5,3,1
2015-09-12,0.00166666666667,78.6666666667,60.0,30,64,4,1.0,-1,-1,0.0,4780.635981,26101,54.41058413,38.82992989,751423.0,2601.17196239,5,3,1
2015-09-12,0.00166666666667,78.6666666667,60.0,142,82,0,1.0,-1,-1,0.0,4780.635981,26101,54.41058413,38.82992989,751423.0,2601.17196239,5,3,1
2015-09-12,0.00166666666667,78.6666666667,60.0,58,121,5,1.0,-1,-1,0.0,4780.635981,26101,54.41058413,38.82992989,751423.0,2601.17196239,5,3,1
2015-09-12,0.00166666666667,78.6666666667,60.0,87,100,6,1.0,-1,-1,0.0,4780.635981,26101,54.41058413,38.82992989,751423.0,2601.17196239,5,3,1
2015-09-12,0.00166666666667,78.6666666667,60.0,175,177,0,1.0,-1,-1,0.0,4780.635981,26101,54.41058413,38.82992989,751423.0,2601.17196239,5,3,1
2015-09-12,0.00166666666667,78.6666666667,60.0,1,125,1,1.0,-1,-1,0.0,4780.635981,26101,54.41058413,38.82992989,751423.0,2601.17196239,5,3,1
2015-09-12,0.00166666666667,78.6666666667,60.0,74,58,4,1.0,-1,-1,0.0,4780.635981,26101,54.41058413,38.82992989,751423.0,2601.17196239,5,3,1
2015-09-12,0.00166666666667,78.6666666667,60.0,169,126,11,1.0,-1,-1,0.0,4780.635981,26101,54.41058413,38.82992989,751423.0,2601.17196239,5,3,1
2015-09-12,0.00166666666667,78.6666666667,60.0,53,103,7,1.0,-1,-1,0.0,4780.635981,26101,54.41058413,38.82992989,751423.0,2601.17196239,5,3,1
2015-09-12,0.00166666666667,78.6666666667,60.0,134,163,8,1.0,-1,-1,0.0,4780.635981,26101,54.41058413,38.82992989,751423.0,2601.17196239,5,3,1
2015-09-12,0.00166666666667,78.6666666667,60.0,204,25,12,1.0,-1,-1,0.0,4780.635981,26101,54.41058413,38.82992989,751423.0,2601.17196239,5,3,1
2015-09-12,0.00166666666667,78.6666666667,60.0,26,146,3,1.0,-1,-1,0.0,4780.635981,26101,54.41058413,38.82992989,751423.0,2601.17196239,5,3,1
2015-09-13,0.0,74.3333333333,52.3333333333,-1,-1,-1,0.0,25,10,1.0,3167.77486,18182,58.3211347,38.19161808,752144.0,1847.48224309,6,1,0
2015-09-13,0.0,74.3333333333,52.3333333333,-1,-1,-1,0.0,3,13,1.0,3167.77486,18182,58.3211347,38.19161808,752144.0,1847.48224309,6,1,0
2015-09-13,0.0,74.3333333333,52.3333333333,-1,-1,-1,0.0,21,7,1.0,3167.77486,18182,58.3211347,38.19161808,752144.0,1847.48224309,6,1,0
2015-09-13,0.0,74.3333333333,52.3333333333,-1,-1,-1,0.0,6,22,1.0,3167.77486,18182,58.3211347,38.19161808,752144.0,1847.48224309,6,1,0
2015-09-13,0.0,74.3333333333,52.3333333333,-1,-1,-1,0.0,0,19,1.0,3167.77486,18182,58.3211347,38.19161808,752144.0,1847.48224309,6,1,0
2015-09-13,0.0,74.3333333333,52.3333333333,-1,-1,-1,0.0,4,14,1.0,3167.77486,18182,58.3211347,38.19161808,752144.0,1847.48224309,6,1,0
2015-09-13,0.0,74.3333333333,52.3333333333,-1,-1,-1,0.0,9,2,1.0,3167.77486,18182,58.3211347,38.19161808,752144.0,1847.48224309,6,1,0
2015-09-13,0.0,74.3333333333,52.3333333333,-1,-1,-1,0.0,8,20,1.0,3167.77486,18182,58.3211347,38.19161808,752144.0,1847.48224309,6,1,0
2015-09-13,0.0,74.3333333333,52.3333333333,-1,-1,-1,0.0,28,27,1.0,3167.77486,18182,58.3211347,38.19161808,752144.0,1847.48224309,6,1,0
2015-09-13,0.0,74.3333333333,52.3333333333,-1,-1,-1,0.0,15,12,1.0,3167.77486,18182,58.3211347,38.19161808,752144.0,1847.48224309,6,1,0
2015-09-13,0.0,74.3333333333,52.3333333333,-1,-1,-1,0.0,11,5,1.0,3167.77486,18182,58.3211347,38.19161808,752144.0,1847.48224309,6,1,0
2015-09-13,0.0,74.3333333333,52.3333333333,-1,-1,-1,0.0,16,31,1.0,3167.77486,18182,58.3211347,38.19161808,752144.0,1847.48224309,6,1,0
2015-09-13,0.0,74.3333333333,52.3333333333,-1,-1,-1,0.0,30,29,1.0,3167.77486,18182,58.3211347,38.19161808,752144.0,1847.48224309,6,1,0
2015-09-14,0.0,77.6666666667,50.0,-1,-1,-1,0.0,26,17,1.0,2245.719439,14180,57.49882289,42.21438646,752586.0,1291.26224284,0,0,0
2015-09-14,0.0,77.6666666667,50.0,-1,-1,-1,0.0,1,23,1.0,2245.719439,14180,57.49882289,42.21438646,752586.0,1291.26224284,0,0,0
2015-09-15,0.0,80.0,54.6666666667,-1,-1,-1,0.0,-1,-1,0.0,2435.299907,16442,55.54885121,52.17735069,753139.0,1352.78112186,1,0,0
2015-09-16,0.0,79.6666666667,59.6666666667,-1,-1,-1,0.0,-1,-1,0.0,2306.398411,13371,52.5217312,40.93186747,753556.0,1211.36037383,2,0,0
2015-09-17,0.0,84.0,61.3333333333,9,136,4,1.0,9,15,1.0,2551.668131,14847,52.28208602,41.01838755,753979.0,1334.06532719,3,0,0
2015-09-18,0.0,84.3333333333,60.6666666667,171,104,4,1.0,-1,-1,0.0,4641.980467,25501,53.00744681,40.22195208,754756.0,2460.59532698,4,3,1
2015-09-19,0.0,87.6666666667,59.6666666667,82,149,11,1.0,-1,-1,0.0,4929.645981,25581,51.56925261,37.63339979,755582.0,2542.18158872,5,3,1
2015-09-19,0.0,87.6666666667,59.6666666667,156,157,4,1.0,-1,-1,0.0,4929.645981,25581,51.56925261,37.63339979,755582.0,2542.18158872,5,3,1
2015-09-19,0.0,87.6666666667,59.6666666667,23,26,2,1.0,-1,-1,0.0,4929.645981,25581,51.56925261,37.63339979,755582.0,2542.18158872,5,3,1
2015-09-19,0.0,87.6666666667,59.6666666667,136,93,0,1.0,-1,-1,0.0,4929.645981,25581,51.56925261,37.63339979,755582.0,2542.18158872,5,3,1
2015-09-19,0.0,87.6666666667,59.6666666667,40,35,4,1.0,-1,-1,0.0,4929.645981,25581,51.56925261,37.63339979,755582.0,2542.18158872,5,3,1
2015-09-19,0.0,87.6666666667,59.6666666667,97,115,4,1.0,-1,-1,0.0,4929.645981,25581,51.56925261,37.63339979,755582.0,2542.18158872,5,3,1
2015-09-19,0.0,87.6666666667,59.6666666667,105,116,6,1.0,-1,-1,0.0,4929.645981,25581,51.56925261,37.63339979,755582.0,2542.18158872,5,3,1
2015-09-19,0.0,87.6666666667,59.6666666667,167,14,10,1.0,-1,-1,0.0,4929.645981,25581,51.56925261,37.63339979,755582.0,2542.18158872,5,3,1
2015-09-19,0.0,87.6666666667,59.6666666667,1,150,0,1.0,-1,-1,0.0,4929.645981,25581,51.56925261,37.63339979,755582.0,2542.18158872,5,3,1
2015-09-19,0.0,87.6666666667,59.6666666667,52,174,8,1.0,-1,-1,0.0,4929.645981,25581,51.56925261,37.63339979,755582.0,2542.18158872,5,3,1
2015-09-19,0.0,87.6666666667,59.6666666667,124,171,8,1.0,-1,-1,0.0,4929.645981,25581,51.56925261,37.63339979,755582.0,2542.18158872,5,3,1
2015-09-19,0.0,87.6666666667,59.6666666667,21,123,11,1.0,-1,-1,0.0,4929.645981,25581,51.56925261,37.63339979,755582.0,2542.18158872,5,3,1
2015-09-19,0.0,87.6666666667,59.6666666667,200,80,0,1.0,-1,-1,0.0,4929.645981,25581,51.56925261,37.63339979,755582.0,2542.18158872,5,3,1
2015-09-19,0.0,87.6666666667,59.6666666667,62,145,12,1.0,-1,-1,0.0,4929.645981,25581,51.56925261,37.63339979,755582.0,2542.18158872,5,3,1
2015-09-19,0.0,87.6666666667,59.6666666667,134,162,9,1.0,-1,-1,0.0,4929.645981,25581,51.56925261,37.63339979,755582.0,2542.18158872,5,3,1
2015-09-19,0.0,87.6666666667,59.6666666667,8,30,8,1.0,-1,-1,0.0,4929.645981,25581,51.56925261,37.63339979,755582.0,2542.18158872,5,3,1
2015-09-19,0.0,87.6666666667,59.6666666667,92,121,3,1.0,-1,-1,0.0,4929.645981,25581,51.56925261,37.63339979,755582.0,2542.18158872,5,3,1
2015-09-19,0.0,87.6666666667,59.6666666667,120,172,1,1.0,-1,-1,0.0,4929.645981,25581,51.56925261,37.63339979,755582.0,2542.18158872,5,3,1
2015-09-20,0.0,89.6666666667,62.0,-1,-1,-1,0.0,1,20,1.0,3275.866355,18605,57.94876264,37.47379737,756206.0,1898.32401846,6,1,0
2015-09-20,0.0,89.6666666667,62.0,-1,-1,-1,0.0,18,3,1.0,3275.866355,18605,57.94876264,37.47379737,756206.0,1898.32401846,6,1,0
2015-09-20,0.0,89.6666666667,62.0,-1,-1,-1,0.0,29,19,1.0,3275.866355,18605,57.94876264,37.47379737,756206.0,1898.32401846,6,1,0
2015-09-20,0.0,89.6666666667,62.0,-1,-1,-1,0.0,31,28,1.0,3275.866355,18605,57.94876264,37.47379737,756206.0,1898.32401846,6,1,0
2015-09-20,0.0,89.6666666667,62.0,-1,-1,-1,0.0,4,12,1.0,3275.866355,18605,57.94876264,37.47379737,756206.0,1898.32401846,6,1,0
2015-09-20,0.0,89.6666666667,62.0,-1,-1,-1,0.0,17,10,1.0,3275.866355,18605,57.94876264,37.47379737,756206.0,1898.32401846,6,1,0
2015-09-20,0.0,89.6666666667,62.0,-1,-1,-1,0.0,6,25,1.0,3275.866355,18605,57.94876264,37.47379737,756206.0,1898.32401846,6,1,0
2015-09-20,0.0,89.6666666667,62.0,-1,-1,-1,0.0,7,30,1.0,3275.866355,18605,57.94876264,37.47379737,756206.0,1898.32401846,6,1,0
2015-09-20,0.0,89.6666666667,62.0,-1,-1,-1,0.0,22,2,1.0,3275.866355,18605,57.94876264,37.47379737,756206.0,1898.32401846,6,1,0
2015-09-20,0.0,89.6666666667,62.0,-1,-1,-1,0.0,11,27,1.0,3275.866355,18605,57.94876264,37.47379737,756206.0,1898.32401846,6,1,0
2015-09-20,0.0,89.6666666667,62.0,-1,-1,-1,0.0,0,5,1.0,3275.866355,18605,57.94876264,37.47379737,756206.0,1898.32401846,6,1,0
2015-09-20,0.0,89.6666666667,62.0,-1,-1,-1,0.0,24,26,1.0,3275.866355,18605,57.94876264,37.47379737,756206.0,1898.32401846,6,1,0
2015-09-20,0.0,89.6666666667,62.0,-1,-1,-1,0.0,8,23,1.0,3275.866355,18605,57.94876264,37.47379737,756206.0,1898.32401846,6,1,0
2015-09-20,0.0,89.6666666667,62.0,-1,-1,-1,0.0,14,16,1.0,3275.866355,18605,57.94876264,37.47379737,756206.0,1898.32401846,6,1,0
2015-09-21,0.0,78.3333333333,66.6666666667,-1,-1,-1,0.0,21,13,1.0,2059.249907,13030,57.44331458,42.1105142,756580.0,1182.90140207,0,0,0
2015-09-22,0.00888888888889,77.6666666667,66.3333333333,-1,-1,-1,0.0,-1,-1,0.0,2145.110935,14309,51.76418343,51.67377175,756913.0,1110.39915917,1,0,0
2015-09-23,0.00347826086957,82.3333333333,63.6666666667,-1,-1,-1,0.0,-1,-1,0.0,2352.741869,13702,52.62059324,40.75317472,757323.0,1238.02672887,2,0,0
2015-09-24,0.0804347826087,74.3333333333,59.3333333333,-1,-1,-1,0.0,20,31,1.0,2832.800374,16184,52.75773149,39.52669303,757770.0,1494.52121496,3,0,0
2015-09-25,1.26576923077,67.3333333333,61.3333333333,91,151,8,1.0,-1,-1,0.0,4889.664953,26440,53.7826694,39.40998487,758548.0,2629.79233644,4,3,1
2015-09-26,0.420833333333,69.6666666667,65.3333333333,15,135,-1,1.0,-1,-1,0.0,4899.306075,26240,52.81590803,37.26371951,759477.0,2587.61299068,5,3,1
2015-09-26,0.420833333333,69.6666666667,65.3333333333,139,155,-1,1.0,-1,-1,0.0,4899.306075,26240,52.81590803,37.26371951,759477.0,2587.61299068,5,3,1
2015-09-26,0.420833333333,69.6666666667,65.3333333333,184,39,-1,1.0,-1,-1,0.0,4899.306075,26240,52.81590803,37.26371951,759477.0,2587.61299068,5,3,1
2015-09-26,0.420833333333,69.6666666667,65.3333333333,156,160,-1,1.0,-1,-1,0.0,4899.306075,26240,52.81590803,37.26371951,759477.0,2587.61299068,5,3,1
2015-09-26,0.420833333333,69.6666666667,65.3333333333,187,65,-1,1.0,-1,-1,0.0,4899.306075,26240,52.81590803,37.26371951,759477.0,2587.61299068,5,3,1
2015-09-26,0.420833333333,69.6666666667,65.3333333333,166,164,-1,1.0,-1,-1,0.0,4899.306075,26240,52.81590803,37.26371951,759477.0,2587.61299068,5,3,1
2015-09-26,0.420833333333,69.6666666667,65.3333333333,191,51,-1,1.0,-1,-1,0.0,4899.306075,26240,52.81590803,37.26371951,759477.0,2587.61299068,5,3,1
2015-09-26,0.420833333333,69.6666666667,65.3333333333,79,109,-1,1.0,-1,-1,0.0,4899.306075,26240,52.81590803,37.26371951,759477.0,2587.61299068,5,3,1
2015-09-26,0.420833333333,69.6666666667,65.3333333333,133,176,-1,1.0,-1,-1,0.0,4899.306075,26240,52.81590803,37.26371951,759477.0,2587.61299068,5,3,1
2015-09-26,0.420833333333,69.6666666667,65.3333333333,60,103,1,1.0,-1,-1,0.0,4899.306075,26240,52.81590803,37.26371951,759477.0,2587.61299068,5,3,1
2015-09-26,0.420833333333,69.6666666667,65.3333333333,154,138,10,1.0,-1,-1,0.0,4899.306075,26240,52.81590803,37.26371951,759477.0,2587.61299068,5,3,1
2015-09-26,0.420833333333,69.6666666667,65.3333333333,1,184,-1,1.0,-1,-1,0.0,4899.306075,26240,52.81590803,37.26371951,759477.0,2587.61299068,5,3,1
2015-09-26,0.420833333333,69.6666666667,65.3333333333,115,167,-1,1.0,-1,-1,0.0,4899.306075,26240,52.81590803,37.26371951,759477.0,2587.61299068,5,3,1
2015-09-26,0.420833333333,69.6666666667,65.3333333333,75,98,-1,1.0,-1,-1,0.0,4899.306075,26240,52.81590803,37.26371951,759477.0,2587.61299068,5,3,1
2015-09-26,0.420833333333,69.6666666667,65.3333333333,37,99,-1,1.0,-1,-1,0.0,4899.306075,26240,52.81590803,37.26371951,759477.0,2587.61299068,5,3,1
2015-09-26,0.420833333333,69.6666666667,65.3333333333,134,169,-1,1.0,-1,-1,0.0,4899.306075,26240,52.81590803,37.26371951,759477.0,2587.61299068,5,3,1
2015-09-26,0.420833333333,69.6666666667,65.3333333333,177,20,-1,1.0,-1,-1,0.0,4899.306075,26240,52.81590803,37.26371951,759477.0,2587.61299068,5,3,1
2015-09-26,0.420833333333,69.6666666667,65.3333333333,70,13,-1,1.0,-1,-1,0.0,4899.306075,26240,52.81590803,37.26371951,759477.0,2587.61299068,5,3,1
2015-09-26,0.420833333333,69.6666666667,65.3333333333,102,125,1,1.0,-1,-1,0.0,4899.306075,26240,52.81590803,37.26371951,759477.0,2587.61299068,5,3,1
2015-09-27,0.3368,72.0,65.0,-1,-1,-1,0.0,12,29,1.0,3288.257757,18905,57.25253819,37.88944724,760128.0,1882.61102811,6,1,0
2015-09-27,0.3368,72.0,65.0,-1,-1,-1,0.0,24,28,1.0,3288.257757,18905,57.25253819,37.88944724,760128.0,1882.61102811,6,1,0
2015-09-27,0.3368,72.0,65.0,-1,-1,-1,0.0,4,19,1.0,3288.257757,18905,57.25253819,37.88944724,760128.0,1882.61102811,6,1,0
2015-09-27,0.3368,72.0,65.0,-1,-1,-1,0.0,3,16,1.0,3288.257757,18905,57.25253819,37.88944724,760128.0,1882.61102811,6,1,0
2015-09-27,0.3368,72.0,65.0,-1,-1,-1,0.0,23,21,1.0,3288.257757,18905,57.25253819,37.88944724,760128.0,1882.61102811,6,1,0
2015-09-27,0.3368,72.0,65.0,-1,-1,-1,0.0,0,26,1.0,3288.257757,18905,57.25253819,37.88944724,760128.0,1882.61102811,6,1,0
2015-09-27,0.3368,72.0,65.0,-1,-1,-1,0.0,1,8,1.0,3288.257757,18905,57.25253819,37.88944724,760128.0,1882.61102811,6,1,0
2015-09-27,0.3368,72.0,65.0,-1,-1,-1,0.0,18,14,1.0,3288.257757,18905,57.25253819,37.88944724,760128.0,1882.61102811,6,1,0
2015-09-27,0.3368,72.0,65.0,-1,-1,-1,0.0,17,25,1.0,3288.257757,18905,57.25253819,37.88944724,760128.0,1882.61102811,6,1,0
2015-09-27,0.3368,72.0,65.0,-1,-1,-1,0.0,22,7,1.0,3288.257757,18905,57.25253819,37.88944724,760128.0,1882.61102811,6,1,0
2015-09-27,0.3368,72.0,65.0,-1,-1,-1,0.0,27,5,1.0,3288.257757,18905,57.25253819,37.88944724,760128.0,1882.61102811,6,1,0
2015-09-27,0.3368,72.0,65.0,-1,-1,-1,0.0,13,30,1.0,3288.257757,18905,57.25253819,37.88944724,760128.0,1882.61102811,6,1,0
2015-09-27,0.3368,72.0,65.0,-1,-1,-1,0.0,6,2,1.0,3288.257757,18905,57.25253819,37.88944724,760128.0,1882.61102811,6,1,0
2015-09-27,0.3368,72.0,65.0,-1,-1,-1,0.0,9,10,1.0,3288.257757,18905,57.25253819,37.88944724,760128.0,1882.61102811,6,1,0
2015-09-28,0.0188,74.6666666667,66.6666666667,-1,-1,-1,0.0,11,15,1.0,2210.578785,13645,59.71536274,41.56101136,760600.0,1320.05514012,0,0,0
2015-09-29,0.317142857143,77.0,69.6666666667,-1,-1,-1,0.0,-1,-1,0.0,2316.038972,14936,51.2996428,50.12051419,761044.0,1188.11971974,1,0,0
2015-09-30,0.494615384615,84.6666666667,68.3333333333,-1,-1,-1,0.0,-1,-1,0.0,2444.07,13936,51.93389883,41.41791045,761403.0,1269.30084113,2,0,0
2015-10-01,0.0291666666667,71.3333333333,65.3333333333,-1,-1,-1,0.0,2,24,1.0,2962.531682,16679,51.61660324,39.41483302,761957.0,1529.15822416,3,0,0
2015-10-02,0.265384615385,65.6666666667,60.0,-1,-1,-1,0.0,-1,-1,0.0,5297.294486,28171,53.07821656,39.66135387,762937.0,2811.7094391,4,3,1
2015-10-03,0.906818181818,65.3333333333,57.3333333333,22,86,-1,1.0,-1,-1,0.0,6050.680467,30640,52.27926708,37.02023499,764186.0,3163.2514015,5,3,1
2015-10-03,0.906818181818,65.3333333333,57.3333333333,179,84,-1,1.0,-1,-1,0.0,6050.680467,30640,52.27926708,37.02023499,764186.0,3163.2514015,5,3,1
2015-10-03,0.906818181818,65.3333333333,57.3333333333,139,169,-1,1.0,-1,-1,0.0,6050.680467,30640,52.27926708,37.02023499,764186.0,3163.2514015,5,3,1
2015-10-03,0.906818181818,65.3333333333,57.3333333333,109,181,-1,1.0,-1,-1,0.0,6050.680467,30640,52.27926708,37.02023499,764186.0,3163.2514015,5,3,1
2015-10-03,0.906818181818,65.3333333333,57.3333333333,16,79,-1,1.0,-1,-1,0.0,6050.680467,30640,52.27926708,37.02023499,764186.0,3163.2514015,5,3,1
2015-10-03,0.906818181818,65.3333333333,57.3333333333,122,68,-1,1.0,-1,-1,0.0,6050.680467,30640,52.27926708,37.02023499,764186.0,3163.2514015,5,3,1
2015-10-03,0.906818181818,65.3333333333,57.3333333333,11,179,-1,1.0,-1,-1,0.0,6050.680467,30640,52.27926708,37.02023499,764186.0,3163.2514015,5,3,1
2015-10-03,0.906818181818,65.3333333333,57.3333333333,186,34,-1,1.0,-1,-1,0.0,6050.680467,30640,52.27926708,37.02023499,764186.0,3163.2514015,5,3,1
2015-10-03,0.906818181818,65.3333333333,57.3333333333,173,118,-1,1.0,-1,-1,0.0,6050.680467,30640,52.27926708,37.02023499,764186.0,3163.2514015,5,3,1
2015-10-03,0.906818181818,65.3333333333,57.3333333333,96,137,1,1.0,-1,-1,0.0,6050.680467,30640,52.27926708,37.02023499,764186.0,3163.2514015,5,3,1
2015-10-03,0.906818181818,65.3333333333,57.3333333333,79,154,-1,1.0,-1,-1,0.0,6050.680467,30640,52.27926708,37.02023499,764186.0,3163.2514015,5,3,1
2015-10-03,0.906818181818,65.3333333333,57.3333333333,51,141,-1,1.0,-1,-1,0.0,6050.680467,30640,52.27926708,37.02023499,764186.0,3163.2514015,5,3,1
2015-10-03,0.906818181818,65.3333333333,57.3333333333,1,128,-1,1.0,-1,-1,0.0,6050.680467,30640,52.27926708,37.02023499,764186.0,3163.2514015,5,3,1
2015-10-03,0.906818181818,65.3333333333,57.3333333333,42,59,-1,1.0,-1,-1,0.0,6050.680467,30640,52.27926708,37.02023499,764186.0,3163.2514015,5,3,1
2015-10-03,0.906818181818,65.3333333333,57.3333333333,84,132,-1,1.0,-1,-1,0.0,6050.680467,30640,52.27926708,37.02023499,764186.0,3163.2514015,5,3,1
2015-10-03,0.906818181818,65.3333333333,57.3333333333,69,97,-1,1.0,-1,-1,0.0,6050.680467,30640,52.27926708,37.02023499,764186.0,3163.2514015,5,3,1
2015-10-03,0.906818181818,65.3333333333,57.3333333333,37,47,-1,1.0,-1,-1,0.0,6050.680467,30640,52.27926708,37.02023499,764186.0,3163.2514015,5,3,1
2015-10-03,0.906818181818,65.3333333333,57.3333333333,137,167,-1,1.0,-1,-1,0.0,6050.680467,30640,52.27926708,37.02023499,764186.0,3163.2514015,5,3,1
2015-10-04,0.301363636364,70.6666666667,62.3333333333,-1,-1,-1,0.0,13,14,1.0,3535.676449,19817,55.4345296,37.76050865,764906.0,1959.98560768,6,1,0
2015-10-04,0.301363636364,70.6666666667,62.3333333333,-1,-1,-1,0.0,6,15,1.0,3535.676449,19817,55.4345296,37.76050865,764906.0,1959.98560768,6,1,0
2015-10-04,0.301363636364,70.6666666667,62.3333333333,-1,-1,-1,0.0,25,7,1.0,3535.676449,19817,55.4345296,37.76050865,764906.0,1959.98560768,6,1,0
2015-10-04,0.301363636364,70.6666666667,62.3333333333,-1,-1,-1,0.0,9,17,1.0,3535.676449,19817,55.4345296,37.76050865,764906.0,1959.98560768,6,1,0
2015-10-04,0.301363636364,70.6666666667,62.3333333333,-1,-1,-1,0.0,20,3,1.0,3535.676449,19817,55.4345296,37.76050865,764906.0,1959.98560768,6,1,0
2015-10-04,0.301363636364,70.6666666667,62.3333333333,-1,-1,-1,0.0,1,12,1.0,3535.676449,19817,55.4345296,37.76050865,764906.0,1959.98560768,6,1,0
2015-10-04,0.301363636364,70.6666666667,62.3333333333,-1,-1,-1,0.0,21,16,1.0,3535.676449,19817,55.4345296,37.76050865,764906.0,1959.98560768,6,1,0
2015-10-04,0.301363636364,70.6666666667,62.3333333333,-1,-1,-1,0.0,5,22,1.0,3535.676449,19817,55.4345296,37.76050865,764906.0,1959.98560768,6,1,0
2015-10-04,0.301363636364,70.6666666667,62.3333333333,-1,-1,-1,0.0,19,8,1.0,3535.676449,19817,55.4345296,37.76050865,764906.0,1959.98560768,6,1,0
2015-10-04,0.301363636364,70.6666666667,62.3333333333,-1,-1,-1,0.0,4,29,1.0,3535.676449,19817,55.4345296,37.76050865,764906.0,1959.98560768,6,1,0
2015-10-04,0.301363636364,70.6666666667,62.3333333333,-1,-1,-1,0.0,11,26,1.0,3535.676449,19817,55.4345296,37.76050865,764906.0,1959.98560768,6,1,0
2015-10-04,0.301363636364,70.6666666667,62.3333333333,-1,-1,-1,0.0,28,0,1.0,3535.676449,19817,55.4345296,37.76050865,764906.0,1959.98560768,6,1,0
2015-10-04,0.301363636364,70.6666666667,62.3333333333,-1,-1,-1,0.0,31,23,1.0,3535.676449,19817,55.4345296,37.76050865,764906.0,1959.98560768,6,1,0
2015-10-05,0.0482608695652,75.0,63.6666666667,-1,-1,-1,0.0,27,10,1.0,2298.116355,14415,59.09739163,43.37842525,765396.0,1358.12682243,0,0,0
2015-10-06,0.0141666666667,76.0,58.6666666667,-1,-1,-1,0.0,-1,-1,0.0,2249.681121,14601,49.57275773,51.88000822,765894.0,1115.22897181,1,0,0
2015-10-07,0.0004,81.6666666667,58.0,-1,-1,-1,0.0,-1,-1,0.0,2333.416916,13268,52.34705945,39.96080796,766304.0,1221.47514023,2,0,0
2015-10-08,0.0,82.3333333333,57.3333333333,207,24,4,1.0,13,12,1.0,2769.096355,15457,52.13753561,40.37005887,766753.0,1443.73859816,3,0,0
2015-10-09,0.00125,80.0,60.3333333333,-1,-1,-1,0.0,-1,-1,0.0,4678.892617,25109,52.83926417,40.05336732,767464.0,2472.29243013,4,3,1
2015-10-10,0.843703703704,71.0,62.3333333333,163,99,-1,1.0,-1,-1,0.0,4686.171963,25194,52.95822228,37.81455902,768333.0,2481.71336459,5,3,1
2015-10-10,0.843703703704,71.0,62.3333333333,130,131,-1,1.0,-1,-1,0.0,4686.171963,25194,52.95822228,37.81455902,768333.0,2481.71336459,5,3,1
2015-10-10,0.843703703704,71.0,62.3333333333,121,114,3,1.0,-1,-1,0.0,4686.171963,25194,52.95822228,37.81455902,768333.0,2481.71336459,5,3,1
2015-10-10,0.843703703704,71.0,62.3333333333,150,124,-1,1.0,-1,-1,0.0,4686.171963,25194,52.95822228,37.81455902,768333.0,2481.71336459,5,3,1
2015-10-10,0.843703703704,71.0,62.3333333333,10,142,-1,1.0,-1,-1,0.0,4686.171963,25194,52.95822228,37.81455902,768333.0,2481.71336459,5,3,1
2015-10-10,0.843703703704,71.0,62.3333333333,17,139,-1,1.0,-1,-1,0.0,4686.171963,25194,52.95822228,37.81455902,768333.0,2481.71336459,5,3,1
2015-10-10,0.843703703704,71.0,62.3333333333,94,127,-1,1.0,-1,-1,0.0,4686.171963,25194,52.95822228,37.81455902,768333.0,2481.71336459,5,3,1
2015-10-10,0.843703703704,71.0,62.3333333333,157,157,-1,1.0,-1,-1,0.0,4686.171963,25194,52.95822228,37.81455902,768333.0,2481.71336459,5,3,1
2015-10-10,0.843703703704,71.0,62.3333333333,67,11,-1,1.0,-1,-1,0.0,4686.171963,25194,52.95822228,37.81455902,768333.0,2481.71336459,5,3,1
2015-10-10,0.843703703704,71.0,62.3333333333,136,156,1,1.0,-1,-1,0.0,4686.171963,25194,52.95822228,37.81455902,768333.0,2481.71336459,5,3,1
2015-10-10,0.843703703704,71.0,62.3333333333,33,147,-1,1.0,-1,-1,0.0,4686.171963,25194,52.95822228,37.81455902,768333.0,2481.71336459,5,3,1
2015-10-10,0.843703703704,71.0,62.3333333333,41,143,10,1.0,-1,-1,0.0,4686.171963,25194,52.95822228,37.81455902,768333.0,2481.71336459,5,3,1
2015-10-10,0.843703703704,71.0,62.3333333333,1,137,-1,1.0,-1,-1,0.0,4686.171963,25194,52.95822228,37.81455902,768333.0,2481.71336459,5,3,1
2015-10-10,0.843703703704,71.0,62.3333333333,90,182,-1,1.0,-1,-1,0.0,4686.171963,25194,52.95822228,37.81455902,768333.0,2481.71336459,5,3,1
2015-10-10,0.843703703704,71.0,62.3333333333,201,32,-1,1.0,-1,-1,0.0,4686.171963,25194,52.95822228,37.81455902,768333.0,2481.71336459,5,3,1
2015-10-10,0.843703703704,71.0,62.3333333333,202,3,-1,1.0,-1,-1,0.0,4686.171963,25194,52.95822228,37.81455902,768333.0,2481.71336459,5,3,1
2015-10-10,0.843703703704,71.0,62.3333333333,81,132,-1,1.0,-1,-1,0.0,4686.171963,25194,52.95822228,37.81455902,768333.0,2481.71336459,5,3,1
2015-10-10,0.843703703704,71.0,62.3333333333,116,133,-1,1.0,-1,-1,0.0,4686.171963,25194,52.95822228,37.81455902,768333.0,2481.71336459,5,3,1
2015-10-10,0.843703703704,71.0,62.3333333333,148,55,-1,1.0,-1,-1,0.0,4686.171963,25194,52.95822228,37.81455902,768333.0,2481.71336459,5,3,1
2015-10-11,0.0972,73.6666666667,57.0,-1,-1,-1,0.0,7,2,1.0,3459.874486,19237,56.11281561,38.08286115,768993.0,1941.43299067,6,1,0
2015-10-11,0.0972,73.6666666667,57.0,-1,-1,-1,0.0,3,30,1.0,3459.874486,19237,56.11281561,38.08286115,768993.0,1941.43299067,6,1,0
2015-10-11,0.0972,73.6666666667,57.0,-1,-1,-1,0.0,6,27,1.0,3459.874486,19237,56.11281561,38.08286115,768993.0,1941.43299067,6,1,0
2015-10-11,0.0972,73.6666666667,57.0,-1,-1,-1,0.0,5,15,1.0,3459.874486,19237,56.11281561,38.08286115,768993.0,1941.43299067,6,1,0
2015-10-11,0.0972,73.6666666667,57.0,-1,-1,-1,0.0,20,26,1.0,3459.874486,19237,56.11281561,38.08286115,768993.0,1941.43299067,6,1,0
2015-10-11,0.0972,73.6666666667,57.0,-1,-1,-1,0.0,23,19,1.0,3459.874486,19237,56.11281561,38.08286115,768993.0,1941.43299067,6,1,0
2015-10-11,0.0972,73.6666666667,57.0,-1,-1,-1,0.0,9,22,1.0,3459.874486,19237,56.11281561,38.08286115,768993.0,1941.43299067,6,1,0
2015-10-11,0.0972,73.6666666667,57.0,-1,-1,-1,0.0,0,10,1.0,3459.874486,19237,56.11281561,38.08286115,768993.0,1941.43299067,6,1,0
2015-10-11,0.0972,73.6666666667,57.0,-1,-1,-1,0.0,1,31,1.0,3459.874486,19237,56.11281561,38.08286115,768993.0,1941.43299067,6,1,0
2015-10-11,0.0972,73.6666666667,57.0,-1,-1,-1,0.0,18,8,1.0,3459.874486,19237,56.11281561,38.08286115,768993.0,1941.43299067,6,1,0
2015-10-11,0.0972,73.6666666667,57.0,-1,-1,-1,0.0,29,14,1.0,3459.874486,19237,56.11281561,38.08286115,768993.0,1941.43299067,6,1,0
2015-10-11,0.0972,73.6666666667,57.0,-1,-1,-1,0.0,11,28,1.0,3459.874486,19237,56.11281561,38.08286115,768993.0,1941.43299067,6,1,0
2015-10-12,0.000434782608696,76.0,54.3333333333,-1,-1,-1,0.0,24,25,1.0,2387.137009,14702,59.93099073,41.8310434,769536.0,1430.63485958,0,0,0
2015-10-13,0.165185185185,80.6666666667,57.6666666667,-1,-1,-1,0.0,-1,-1,0.0,2188.84729,14250,51.22864568,51.81754386,769907.0,1121.31682267,1,0,0
2015-10-14,0.00304347826087,77.3333333333,49.6666666667,-1,-1,-1,0.0,-1,-1,0.0,2344.475701,13477,53.30532423,40.89930994,770362.0,1249.73037391,2,0,0
2015-10-15,0.000454545454545,81.0,50.3333333333,43,28,4,1.0,19,1,1.0,2997.87215,16849,52.40694085,41.37337527,770916.0,1571.09308441,3,0,0
2015-10-16,0.0,76.0,51.3333333333,110,173,7,1.0,-1,-1,0.0,4713.249533,24957,51.55393713,40.36142165,771722.0,2429.86570102,4,3,1
2015-10-16,0.0,76.0,51.3333333333,206,46,3,1.0,-1,-1,0.0,4713.249533,24957,51.55393713,40.36142165,771722.0,2429.86570102,4,3,1
2015-10-17,0.0,69.6666666667,42.0,2,92,-1,1.0,-1,-1,0.0,4769.754673,24440,49.94784406,38.42880524,772580.0,2382.38962611,5,3,1
2015-10-17,0.0,69.6666666667,42.0,78,182,-1,1.0,-1,-1,0.0,4769.754673,24440,49.94784406,38.42880524,772580.0,2382.38962611,5,3,1
2015-10-17,0.0,69.6666666667,42.0,140,104,-1,1.0,-1,-1,0.0,4769.754673,24440,49.94784406,38.42880524,772580.0,2382.38962611,5,3,1
2015-10-17,0.0,69.6666666667,42.0,11,136,-1,1.0,-1,-1,0.0,4769.754673,24440,49.94784406,38.42880524,772580.0,2382.38962611,5,3,1
2015-10-17,0.0,69.6666666667,42.0,56,41,-1,1.0,-1,-1,0.0,4769.754673,24440,49.94784406,38.42880524,772580.0,2382.38962611,5,3,1
2015-10-17,0.0,69.6666666667,42.0,152,85,-1,1.0,-1,-1,0.0,4769.754673,24440,49.94784406,38.42880524,772580.0,2382.38962611,5,3,1
2015-10-17,0.0,69.6666666667,42.0,189,10,-1,1.0,-1,-1,0.0,4769.754673,24440,49.94784406,38.42880524,772580.0,2382.38962611,5,3,1
2015-10-17,0.0,69.6666666667,42.0,158,7,-1,1.0,-1,-1,0.0,4769.754673,24440,49.94784406,38.42880524,772580.0,2382.38962611,5,3,1
2015-10-17,0.0,69.6666666667,42.0,34,161,10,1.0,-1,-1,0.0,4769.754673,24440,49.94784406,38.42880524,772580.0,2382.38962611,5,3,1
2015-10-17,0.0,69.6666666667,42.0,1,152,0,1.0,-1,-1,0.0,4769.754673,24440,49.94784406,38.42880524,772580.0,2382.38962611,5,3,1
2015-10-17,0.0,69.6666666667,42.0,74,132,-1,1.0,-1,-1,0.0,4769.754673,24440,49.94784406,38.42880524,772580.0,2382.38962611,5,3,1
2015-10-17,0.0,69.6666666667,42.0,134,129,-1,1.0,-1,-1,0.0,4769.754673,24440,49.94784406,38.42880524,772580.0,2382.38962611,5,3,1
2015-10-17,0.0,69.6666666667,42.0,100,118,-1,1.0,-1,-1,0.0,4769.754673,24440,49.94784406,38.42880524,772580.0,2382.38962611,5,3,1
2015-10-17,0.0,69.6666666667,42.0,138,98,-1,1.0,-1,-1,0.0,4769.754673,24440,49.94784406,38.42880524,772580.0,2382.38962611,5,3,1
2015-10-18,0.0,65.3333333333,40.3333333333,-1,-1,-1,0.0,16,30,1.0,3149.309626,17561,56.22565017,37.85091965,773125.0,1770.71981308,6,1,0
2015-10-18,0.0,65.3333333333,40.3333333333,-1,-1,-1,0.0,21,31,1.0,3149.309626,17561,56.22565017,37.85091965,773125.0,1770.71981308,6,1,0
2015-10-18,0.0,65.3333333333,40.3333333333,-1,-1,-1,0.0,4,27,1.0,3149.309626,17561,56.22565017,37.85091965,773125.0,1770.71981308,6,1,0
2015-10-18,0.0,65.3333333333,40.3333333333,-1,-1,-1,0.0,9,7,1.0,3149.309626,17561,56.22565017,37.85091965,773125.0,1770.71981308,6,1,0
2015-10-18,0.0,65.3333333333,40.3333333333,-1,-1,-1,0.0,6,3,1.0,3149.309626,17561,56.22565017,37.85091965,773125.0,1770.71981308,6,1,0
2015-10-18,0.0,65.3333333333,40.3333333333,-1,-1,-1,0.0,12,14,1.0,3149.309626,17561,56.22565017,37.85091965,773125.0,1770.71981308,6,1,0
2015-10-18,0.0,65.3333333333,40.3333333333,-1,-1,-1,0.0,26,2,1.0,3149.309626,17561,56.22565017,37.85091965,773125.0,1770.71981308,6,1,0
2015-10-18,0.0,65.3333333333,40.3333333333,-1,-1,-1,0.0,17,15,1.0,3149.309626,17561,56.22565017,37.85091965,773125.0,1770.71981308,6,1,0
2015-10-18,0.0,65.3333333333,40.3333333333,-1,-1,-1,0.0,18,13,1.0,3149.309626,17561,56.22565017,37.85091965,773125.0,1770.71981308,6,1,0
2015-10-18,0.0,65.3333333333,40.3333333333,-1,-1,-1,0.0,11,25,1.0,3149.309626,17561,56.22565017,37.85091965,773125.0,1770.71981308,6,1,0
2015-10-18,0.0,65.3333333333,40.3333333333,-1,-1,-1,0.0,10,5,1.0,3149.309626,17561,56.22565017,37.85091965,773125.0,1770.71981308,6,1,0
2015-10-18,0.0,65.3333333333,40.3333333333,-1,-1,-1,0.0,24,0,1.0,3149.309626,17561,56.22565017,37.85091965,773125.0,1770.71981308,6,1,0
2015-10-19,0.0,64.0,41.6666666667,-1,-1,-1,0.0,23,20,1.0,1867.822617,11080,54.80573562,39.69314079,773470.0,1023.67392532,0,0,0
2015-10-20,0.0,70.6666666667,40.0,-1,-1,-1,0.0,-1,-1,0.0,2103.561028,13828,50.26476021,52.0971941,773809.0,1057.3499066,1,0,0
2015-10-21,0.0,76.0,44.3333333333,-1,-1,-1,0.0,-1,-1,0.0,2287.121682,13003,52.896752,40.20610628,774191.0,1209.81308407,2,0,0
2015-10-22,0.0,79.0,49.6666666667,99,117,5,1.0,27,26,1.0,2620.431495,14697,53.68434898,40.11703069,774583.0,1406.76158856,3,0,0
2015-10-22,0.0,79.0,49.6666666667,205,38,4,1.0,27,26,1.0,2620.431495,14697,53.68434898,40.11703069,774583.0,1406.76158856,3,0,0
2015-10-23,0.0,80.3333333333,52.6666666667,66,174,4,1.0,-1,-1,0.0,4643.832523,24297,51.11199241,40.78281269,775172.0,2373.55532669,4,3,1
2015-10-24,0.0,76.3333333333,55.0,163,165,-1,1.0,-1,-1,0.0,4364.063178,23399,52.20290934,39.66408821,775852.0,2278.16794435,5,3,1
2015-10-24,0.0,76.3333333333,55.0,78,129,-1,1.0,-1,-1,0.0,4364.063178,23399,52.20290934,39.66408821,775852.0,2278.16794435,5,3,1
2015-10-24,0.0,76.3333333333,55.0,150,139,-1,1.0,-1,-1,0.0,4364.063178,23399,52.20290934,39.66408821,775852.0,2278.16794435,5,3,1
2015-10-24,0.0,76.3333333333,55.0,104,178,-1,1.0,-1,-1,0.0,4364.063178,23399,52.20290934,39.66408821,775852.0,2278.16794435,5,3,1
2015-10-24,0.0,76.3333333333,55.0,185,89,-1,1.0,-1,-1,0.0,4364.063178,23399,52.20290934,39.66408821,775852.0,2278.16794435,5,3,1
2015-10-24,0.0,76.3333333333,55.0,86,108,-1,1.0,-1,-1,0.0,4364.063178,23399,52.20290934,39.66408821,775852.0,2278.16794435,5,3,1
2015-10-24,0.0,76.3333333333,55.0,141,183,-1,1.0,-1,-1,0.0,4364.063178,23399,52.20290934,39.66408821,775852.0,2278.16794435,5,3,1
2015-10-24,0.0,76.3333333333,55.0,158,128,-1,1.0,-1,-1,0.0,4364.063178,23399,52.20290934,39.66408821,775852.0,2278.16794435,5,3,1
2015-10-24,0.0,76.3333333333,55.0,111,19,-1,1.0,-1,-1,0.0,4364.063178,23399,52.20290934,39.66408821,775852.0,2278.16794435,5,3,1
2015-10-24,0.0,76.3333333333,55.0,1,156,0,1.0,-1,-1,0.0,4364.063178,23399,52.20290934,39.66408821,775852.0,2278.16794435,5,3,1
2015-10-24,0.0,76.3333333333,55.0,61,169,-1,1.0,-1,-1,0.0,4364.063178,23399,52.20290934,39.66408821,775852.0,2278.16794435,5,3,1
2015-10-24,0.0,76.3333333333,55.0,36,131,-1,1.0,-1,-1,0.0,4364.063178,23399,52.20290934,39.66408821,775852.0,2278.16794435,5,3,1
2015-10-24,0.0,76.3333333333,55.0,125,164,-1,1.0,-1,-1,0.0,4364.063178,23399,52.20290934,39.66408821,775852.0,2278.16794435,5,3,1
2015-10-24,0.0,76.3333333333,55.0,199,69,-1,1.0,-1,-1,0.0,4364.063178,23399,52.20290934,39.66408821,775852.0,2278.16794435,5,3,1
2015-10-24,0.0,76.3333333333,55.0,7,180,-1,1.0,-1,-1,0.0,4364.063178,23399,52.20290934,39.66408821,775852.0,2278.16794435,5,3,1
2015-10-24,0.0,76.3333333333,55.0,76,138,-1,1.0,-1,-1,0.0,4364.063178,23399,52.20290934,39.66408821,775852.0,2278.16794435,5,3,1
2015-10-25,0.0,71.6666666667,61.0,-1,-1,-1,0.0,20,8,1.0,3321.278224,18772,56.73785037,39.93714042,776404.0,1884.4218691,6,1,0
2015-10-25,0.0,71.6666666667,61.0,-1,-1,-1,0.0,22,25,1.0,3321.278224,18772,56.73785037,39.93714042,776404.0,1884.4218691,6,1,0
2015-10-25,0.0,71.6666666667,61.0,-1,-1,-1,0.0,31,29,1.0,3321.278224,18772,56.73785037,39.93714042,776404.0,1884.4218691,6,1,0
2015-10-25,0.0,71.6666666667,61.0,-1,-1,-1,0.0,18,21,1.0,3321.278224,18772,56.73785037,39.93714042,776404.0,1884.4218691,6,1,0
2015-10-25,0.0,71.6666666667,61.0,-1,-1,-1,0.0,4,23,1.0,3321.278224,18772,56.73785037,39.93714042,776404.0,1884.4218691,6,1,0
2015-10-25,0.0,71.6666666667,61.0,-1,-1,-1,0.0,28,7,1.0,3321.278224,18772,56.73785037,39.93714042,776404.0,1884.4218691,6,1,0
2015-10-25,0.0,71.6666666667,61.0,-1,-1,-1,0.0,19,13,1.0,3321.278224,18772,56.73785037,39.93714042,776404.0,1884.4218691,6,1,0
2015-10-25,0.0,71.6666666667,61.0,-1,-1,-1,0.0,1,30,1.0,3321.278224,18772,56.73785037,39.93714042,776404.0,1884.4218691,6,1,0
2015-10-25,0.0,71.6666666667,61.0,-1,-1,-1,0.0,14,3,1.0,3321.278224,18772,56.73785037,39.93714042,776404.0,1884.4218691,6,1,0
2015-10-25,0.0,71.6666666667,61.0,-1,-1,-1,0.0,15,24,1.0,3321.278224,18772,56.73785037,39.93714042,776404.0,1884.4218691,6,1,0
2015-10-25,0.0,71.6666666667,61.0,-1,-1,-1,0.0,17,10,1.0,3321.278224,18772,56.73785037,39.93714042,776404.0,1884.4218691,6,1,0
2015-10-25,0.0,71.6666666667,61.0,-1,-1,-1,0.0,16,12,1.0,3321.278224,18772,56.73785037,39.93714042,776404.0,1884.4218691,6,1,0
2015-10-26,0.1572,67.0,52.0,-1,-1,-1,0.0,0,2,1.0,2364.81028,14278,60.71154273,39.43829668,776908.0,1435.71280363,0,0,0
2015-10-27,0.592962962963,56.0,50.3333333333,-1,-1,-1,0.0,-1,-1,0.0,2399.434206,14963,51.25109323,48.85383947,777333.0,1229.73626191,1,0,0
2015-10-28,0.333571428571,77.3333333333,56.0,-1,-1,-1,0.0,-1,-1,0.0,2368.58757,13139,51.91367843,40.01826623,777693.0,1229.62093442,2,0,0
2015-10-29,0.0708333333333,70.3333333333,51.6666666667,194,57,4,1.0,18,16,1.0,2757.571308,14887,51.190254,39.8334117,778094.0,1411.6077568,3,0,0
2015-10-29,0.0708333333333,70.3333333333,51.6666666667,147,182,8,1.0,18,16,1.0,2757.571308,14887,51.190254,39.8334117,778094.0,1411.6077568,3,0,0
2015-10-30,0.00363636363636,69.6666666667,46.0,-1,-1,-1,0.0,-1,-1,0.0,5285.958785,26404,50.83213137,39.22511741,778828.0,2686.96551376,4,3,1
2015-10-31,0.0052380952381,62.3333333333,46.6666666667,131,148,-1,1.0,-1,-1,0.0,6075.157664,29160,51.08581544,39.32098765,779688.0,3103.54383192,5,3,1
2015-10-31,0.0052380952381,62.3333333333,46.6666666667,10,122,2,1.0,-1,-1,0.0,6075.157664,29160,51.08581544,39.32098765,779688.0,3103.54383192,5,3,1
2015-10-31,0.0052380952381,62.3333333333,46.6666666667,54,164,-1,1.0,-1,-1,0.0,6075.157664,29160,51.08581544,39.32098765,779688.0,3103.54383192,5,3,1
2015-10-31,0.0052380952381,62.3333333333,46.6666666667,65,176,-1,1.0,-1,-1,0.0,6075.157664,29160,51.08581544,39.32098765,779688.0,3103.54383192,5,3,1
2015-10-31,0.0052380952381,62.3333333333,46.6666666667,6,137,-1,1.0,-1,-1,0.0,6075.157664,29160,51.08581544,39.32098765,779688.0,3103.54383192,5,3,1
2015-10-31,0.0052380952381,62.3333333333,46.6666666667,48,173,-1,1.0,-1,-1,0.0,6075.157664,29160,51.08581544,39.32098765,779688.0,3103.54383192,5,3,1
2015-10-31,0.0052380952381,62.3333333333,46.6666666667,190,52,-1,1.0,-1,-1,0.0,6075.157664,29160,51.08581544,39.32098765,779688.0,3103.54383192,5,3,1
2015-10-31,0.0052380952381,62.3333333333,46.6666666667,39,141,0,1.0,-1,-1,0.0,6075.157664,29160,51.08581544,39.32098765,779688.0,3103.54383192,5,3,1
2015-10-31,0.0052380952381,62.3333333333,46.6666666667,72,102,-1,1.0,-1,-1,0.0,6075.157664,29160,51.08581544,39.32098765,779688.0,3103.54383192,5,3,1
2015-10-31,0.0052380952381,62.3333333333,46.6666666667,175,49,-1,1.0,-1,-1,0.0,6075.157664,29160,51.08581544,39.32098765,779688.0,3103.54383192,5,3,1
2015-10-31,0.0052380952381,62.3333333333,46.6666666667,35,131,-1,1.0,-1,-1,0.0,6075.157664,29160,51.08581544,39.32098765,779688.0,3103.54383192,5,3,1
2015-10-31,0.0052380952381,62.3333333333,46.6666666667,20,169,-1,1.0,-1,-1,0.0,6075.157664,29160,51.08581544,39.32098765,779688.0,3103.54383192,5,3,1
2015-10-31,0.0052380952381,62.3333333333,46.6666666667,170,181,-1,1.0,-1,-1,0.0,6075.157664,29160,51.08581544,39.32098765,779688.0,3103.54383192,5,3,1
2015-10-31,0.0052380952381,62.3333333333,46.6666666667,117,113,-1,1.0,-1,-1,0.0,6075.157664,29160,51.08581544,39.32098765,779688.0,3103.54383192,5,3,1
2015-10-31,0.0052380952381,62.3333333333,46.6666666667,27,151,-1,1.0,-1,-1,0.0,6075.157664,29160,51.08581544,39.32098765,779688.0,3103.54383192,5,3,1
2015-11-01,0.668076923077,64.6666666667,56.0,-1,-1,-1,0.0,17,5,1.0,3641.155421,20005,57.47274737,35.22619345,780349.0,2092.67205646,6,2,1
2015-11-01,0.668076923077,64.6666666667,56.0,-1,-1,-1,0.0,27,8,1.0,3641.155421,20005,57.47274737,35.22619345,780349.0,2092.67205646,6,2,1
2015-11-01,0.668076923077,64.6666666667,56.0,-1,-1,-1,0.0,28,26,1.0,3641.155421,20005,57.47274737,35.22619345,780349.0,2092.67205646,6,2,1
2015-11-01,0.668076923077,64.6666666667,56.0,-1,-1,-1,0.0,22,21,1.0,3641.155421,20005,57.47274737,35.22619345,780349.0,2092.67205646,6,2,1
2015-11-01,0.668076923077,64.6666666667,56.0,-1,-1,-1,0.0,6,24,1.0,3641.155421,20005,57.47274737,35.22619345,780349.0,2092.67205646,6,2,1
2015-11-01,0.668076923077,64.6666666667,56.0,-1,-1,-1,0.0,9,11,1.0,3641.155421,20005,57.47274737,35.22619345,780349.0,2092.67205646,6,2,1
2015-11-01,0.668076923077,64.6666666667,56.0,-1,-1,-1,0.0,12,30,1.0,3641.155421,20005,57.47274737,35.22619345,780349.0,2092.67205646,6,2,1
2015-11-01,0.668076923077,64.6666666667,56.0,-1,-1,-1,0.0,15,10,1.0,3641.155421,20005,57.47274737,35.22619345,780349.0,2092.67205646,6,2,1
2015-11-01,0.668076923077,64.6666666667,56.0,-1,-1,-1,0.0,0,7,1.0,3641.155421,20005,57.47274737,35.22619345,780349.0,2092.67205646,6,2,1
2015-11-01,0.668076923077,64.6666666667,56.0,-1,-1,-1,0.0,2,25,1.0,3641.155421,20005,57.47274737,35.22619345,780349.0,2092.67205646,6,2,1
2015-11-01,0.668076923077,64.6666666667,56.0,-1,-1,-1,0.0,29,1,1.0,3641.155421,20005,57.47274737,35.22619345,780349.0,2092.67205646,6,2,1
2015-11-01,0.668076923077,64.6666666667,56.0,-1,-1,-1,0.0,19,20,1.0,3641.155421,20005,57.47274737,35.22619345,780349.0,2092.67205646,6,2,1
2015-11-02,2.0912,70.3333333333,63.0,-1,-1,-1,0.0,4,13,1.0,2161.946168,12568,57.25377498,37.69891789,780888.0,1237.79579422,0,0,0
2015-11-03,0.8212,67.6666666667,63.0,195,43,5,1.0,-1,-1,0.0,2291.362991,14631,50.85189063,49.88722575,781426.0,1165.20140212,1,0,0
2015-11-04,0.0214814814815,69.3333333333,62.6666666667,-1,-1,-1,0.0,-1,-1,0.0,2430.372336,13760,54.04655508,40.42151163,781886.0,1313.53252323,2,0,0
2015-11-05,0.0615384615385,66.3333333333,62.3333333333,78,132,8,1.0,6,7,1.0,2729.969346,15316,54.14898706,38.97231653,782407.0,1478.25074791,3,0,0
2015-11-05,0.0615384615385,66.3333333333,62.3333333333,112,142,4,1.0,6,7,1.0,2729.969346,15316,54.14898706,38.97231653,782407.0,1478.25074791,3,0,0
2015-11-06,0.3436,77.0,65.6666666667,107,162,5,1.0,-1,-1,0.0,4384.228037,23293,34.19734588,41.16258103,782842.0,1499.28962598,4,0,0
2015-11-07,1.73692307692,70.3333333333,55.6666666667,155,72,-1,1.0,-1,-1,0.0,5123.577103,26493,53.2590831,36.92296078,783883.0,2728.77018698,5,3,1
2015-11-07,1.73692307692,70.3333333333,55.6666666667,180,33,-1,1.0,-1,-1,0.0,5123.577103,26493,53.2590831,36.92296078,783883.0,2728.77018698,5,3,1
2015-11-07,1.73692307692,70.3333333333,55.6666666667,181,66,-1,1.0,-1,-1,0.0,5123.577103,26493,53.2590831,36.92296078,783883.0,2728.77018698,5,3,1
2015-11-07,1.73692307692,70.3333333333,55.6666666667,131,22,-1,1.0,-1,-1,0.0,5123.577103,26493,53.2590831,36.92296078,783883.0,2728.77018698,5,3,1
2015-11-07,1.73692307692,70.3333333333,55.6666666667,10,176,-1,1.0,-1,-1,0.0,5123.577103,26493,53.2590831,36.92296078,783883.0,2728.77018698,5,3,1
2015-11-07,1.73692307692,70.3333333333,55.6666666667,65,112,-1,1.0,-1,-1,0.0,5123.577103,26493,53.2590831,36.92296078,783883.0,2728.77018698,5,3,1
2015-11-07,1.73692307692,70.3333333333,55.6666666667,6,128,-1,1.0,-1,-1,0.0,5123.577103,26493,53.2590831,36.92296078,783883.0,2728.77018698,5,3,1
2015-11-07,1.73692307692,70.3333333333,55.6666666667,49,156,-1,1.0,-1,-1,0.0,5123.577103,26493,53.2590831,36.92296078,783883.0,2728.77018698,5,3,1
2015-11-07,1.73692307692,70.3333333333,55.6666666667,192,17,-1,1.0,-1,-1,0.0,5123.577103,26493,53.2590831,36.92296078,783883.0,2728.77018698,5,3,1
2015-11-07,1.73692307692,70.3333333333,55.6666666667,193,78,-1,1.0,-1,-1,0.0,5123.577103,26493,53.2590831,36.92296078,783883.0,2728.77018698,5,3,1
2015-11-07,1.73692307692,70.3333333333,55.6666666667,89,116,-1,1.0,-1,-1,0.0,5123.577103,26493,53.2590831,36.92296078,783883.0,2728.77018698,5,3,1
2015-11-07,1.73692307692,70.3333333333,55.6666666667,167,153,-1,1.0,-1,-1,0.0,5123.577103,26493,53.2590831,36.92296078,783883.0,2728.77018698,5,3,1
2015-11-07,1.73692307692,70.3333333333,55.6666666667,1,141,-1,1.0,-1,-1,0.0,5123.577103,26493,53.2590831,36.92296078,783883.0,2728.77018698,5,3,1
2015-11-07,1.73692307692,70.3333333333,55.6666666667,35,129,-1,1.0,-1,-1,0.0,5123.577103,26493,53.2590831,36.92296078,783883.0,2728.77018698,5,3,1
2015-11-07,1.73692307692,70.3333333333,55.6666666667,20,76,-1,1.0,-1,-1,0.0,5123.577103,26493,53.2590831,36.92296078,783883.0,2728.77018698,5,3,1
2015-11-07,1.73692307692,70.3333333333,55.6666666667,176,113,-1,1.0,-1,-1,0.0,5123.577103,26493,53.2590831,36.92296078,783883.0,2728.77018698,5,3,1
2015-11-07,1.73692307692,70.3333333333,55.6666666667,101,151,-1,1.0,-1,-1,0.0,5123.577103,26493,53.2590831,36.92296078,783883.0,2728.77018698,5,3,1
2015-11-07,1.73692307692,70.3333333333,55.6666666667,27,180,-1,1.0,-1,-1,0.0,5123.577103,26493,53.2590831,36.92296078,783883.0,2728.77018698,5,3,1
2015-11-08,0.410384615385,56.0,46.3333333333,-1,-1,-1,0.0,23,8,1.0,3658.823832,20124,58.02907144,34.77936792,784707.0,2123.18149534,6,2,1
2015-11-08,0.410384615385,56.0,46.3333333333,-1,-1,-1,0.0,3,16,1.0,3658.823832,20124,58.02907144,34.77936792,784707.0,2123.18149534,6,2,1
2015-11-08,0.410384615385,56.0,46.3333333333,-1,-1,-1,0.0,17,28,1.0,3658.823832,20124,58.02907144,34.77936792,784707.0,2123.18149534,6,2,1
2015-11-08,0.410384615385,56.0,46.3333333333,-1,-1,-1,0.0,21,14,1.0,3658.823832,20124,58.02907144,34.77936792,784707.0,2123.18149534,6,2,1
2015-11-08,0.410384615385,56.0,46.3333333333,-1,-1,-1,0.0,18,31,1.0,3658.823832,20124,58.02907144,34.77936792,784707.0,2123.18149534,6,2,1
2015-11-08,0.410384615385,56.0,46.3333333333,-1,-1,-1,0.0,4,11,1.0,3658.823832,20124,58.02907144,34.77936792,784707.0,2123.18149534,6,2,1
2015-11-08,0.410384615385,56.0,46.3333333333,-1,-1,-1,0.0,20,29,1.0,3658.823832,20124,58.02907144,34.77936792,784707.0,2123.18149534,6,2,1
2015-11-08,0.410384615385,56.0,46.3333333333,-1,-1,-1,0.0,13,9,1.0,3658.823832,20124,58.02907144,34.77936792,784707.0,2123.18149534,6,2,1
2015-11-08,0.410384615385,56.0,46.3333333333,-1,-1,-1,0.0,26,1,1.0,3658.823832,20124,58.02907144,34.77936792,784707.0,2123.18149534,6,2,1
2015-11-08,0.410384615385,56.0,46.3333333333,-1,-1,-1,0.0,30,19,1.0,3658.823832,20124,58.02907144,34.77936792,784707.0,2123.18149534,6,2,1
2015-11-08,0.410384615385,56.0,46.3333333333,-1,-1,-1,0.0,24,22,1.0,3658.823832,20124,58.02907144,34.77936792,784707.0,2123.18149534,6,2,1
2015-11-09,1.17769230769,53.3333333333,46.3333333333,-1,-1,-1,0.0,5,25,1.0,1942.176355,11649,56.34342089,38.29513263,785069.0,1094.28859812,0,0,0
2015-11-10,0.135,66.0,48.6666666667,-1,-1,-1,0.0,-1,-1,0.0,2275.117103,14837,52.28539741,51.41875042,785537.0,1189.55401885,1,0,0
2015-11-11,0.00653846153846,74.3333333333,44.0,-1,-1,-1,0.0,-1,-1,0.0,2515.355794,14608,56.39530678,39.36199343,786018.0,1418.54261663,2,0,0
2015-11-12,0.0008,71.3333333333,52.6666666667,-1,-1,-1,0.0,3,21,1.0,2713.053645,15783,53.85115933,40.20148261,786562.0,1461.01084108,3,0,0
2015-11-13,0.00461538461538,62.0,41.6666666667,-1,-1,-1,0.0,-1,-1,0.0,5046.906636,26807,54.36463061,39.73215951,787454.0,2743.73214989,4,3,1
2015-11-14,0.000869565217391,62.6666666667,37.0,129,40,-1,1.0,-1,-1,0.0,4717.521028,25853,54.17042948,38.19285963,788321.0,2555.50140168,5,3,1
2015-11-14,0.000869565217391,62.6666666667,37.0,178,4,-1,1.0,-1,-1,0.0,4717.521028,25853,54.17042948,38.19285963,788321.0,2555.50140168,5,3,1
2015-11-14,0.000869565217391,62.6666666667,37.0,180,90,-1,1.0,-1,-1,0.0,4717.521028,25853,54.17042948,38.19285963,788321.0,2555.50140168,5,3,1
2015-11-14,0.000869565217391,62.6666666667,37.0,0,164,-1,1.0,-1,-1,0.0,4717.521028,25853,54.17042948,38.19285963,788321.0,2555.50140168,5,3,1
2015-11-14,0.000869565217391,62.6666666667,37.0,10,157,-1,1.0,-1,-1,0.0,4717.521028,25853,54.17042948,38.19285963,788321.0,2555.50140168,5,3,1
2015-11-14,0.000869565217391,62.6666666667,37.0,71,148,-1,1.0,-1,-1,0.0,4717.521028,25853,54.17042948,38.19285963,788321.0,2555.50140168,5,3,1
2015-11-14,0.000869565217391,62.6666666667,37.0,47,63,-1,1.0,-1,-1,0.0,4717.521028,25853,54.17042948,38.19285963,788321.0,2555.50140168,5,3,1
2015-11-14,0.000869565217391,62.6666666667,37.0,165,141,1,1.0,-1,-1,0.0,4717.521028,25853,54.17042948,38.19285963,788321.0,2555.50140168,5,3,1
2015-11-14,0.000869565217391,62.6666666667,37.0,39,128,-1,1.0,-1,-1,0.0,4717.521028,25853,54.17042948,38.19285963,788321.0,2555.50140168,5,3,1
2015-11-14,0.000869565217391,62.6666666667,37.0,32,137,-1,1.0,-1,-1,0.0,4717.521028,25853,54.17042948,38.19285963,788321.0,2555.50140168,5,3,1
2015-11-14,0.000869565217391,62.6666666667,37.0,98,162,3,1.0,-1,-1,0.0,4717.521028,25853,54.17042948,38.19285963,788321.0,2555.50140168,5,3,1
2015-11-14,0.000869565217391,62.6666666667,37.0,59,139,-1,1.0,-1,-1,0.0,4717.521028,25853,54.17042948,38.19285963,788321.0,2555.50140168,5,3,1
2015-11-14,0.000869565217391,62.6666666667,37.0,114,154,-1,1.0,-1,-1,0.0,4717.521028,25853,54.17042948,38.19285963,788321.0,2555.50140168,5,3,1
2015-11-14,0.000869565217391,62.6666666667,37.0,154,179,10,1.0,-1,-1,0.0,4717.521028,25853,54.17042948,38.19285963,788321.0,2555.50140168,5,3,1
2015-11-14,0.000869565217391,62.6666666667,37.0,80,127,-1,1.0,-1,-1,0.0,4717.521028,25853,54.17042948,38.19285963,788321.0,2555.50140168,5,3,1
2015-11-14,0.000869565217391,62.6666666667,37.0,19,70,-1,1.0,-1,-1,0.0,4717.521028,25853,54.17042948,38.19285963,788321.0,2555.50140168,5,3,1
2015-11-14,0.000869565217391,62.6666666667,37.0,145,129,-1,1.0,-1,-1,0.0,4717.521028,25853,54.17042948,38.19285963,788321.0,2555.50140168,5,3,1
2015-11-14,0.000869565217391,62.6666666667,37.0,197,83,-1,1.0,-1,-1,0.0,4717.521028,25853,54.17042948,38.19285963,788321.0,2555.50140168,5,3,1
2015-11-14,0.000869565217391,62.6666666667,37.0,198,49,-1,1.0,-1,-1,0.0,4717.521028,25853,54.17042948,38.19285963,788321.0,2555.50140168,5,3,1
2015-11-14,0.000869565217391,62.6666666667,37.0,25,131,-1,1.0,-1,-1,0.0,4717.521028,25853,54.17042948,38.19285963,788321.0,2555.50140168,5,3,1
2015-11-14,0.000869565217391,62.6666666667,37.0,208,28,-1,1.0,-1,-1,0.0,4717.521028,25853,54.17042948,38.19285963,788321.0,2555.50140168,5,3,1
2015-11-15,0.0,59.3333333333,34.0,-1,-1,-1,0.0,5,28,1.0,3218.51,18449,57.96467553,37.47086563,789022.0,1865.5988784,6,1,0
2015-11-15,0.0,59.3333333333,34.0,-1,-1,-1,0.0,14,2,1.0,3218.51,18449,57.96467553,37.47086563,789022.0,1865.5988784,6,1,0
2015-11-15,0.0,59.3333333333,34.0,-1,-1,-1,0.0,0,27,1.0,3218.51,18449,57.96467553,37.47086563,789022.0,1865.5988784,6,1,0
2015-11-15,0.0,59.3333333333,34.0,-1,-1,-1,0.0,18,20,1.0,3218.51,18449,57.96467553,37.47086563,789022.0,1865.5988784,6,1,0
2015-11-15,0.0,59.3333333333,34.0,-1,-1,-1,0.0,4,30,1.0,3218.51,18449,57.96467553,37.47086563,789022.0,1865.5988784,6,1,0
2015-11-15,0.0,59.3333333333,34.0,-1,-1,-1,0.0,29,8,1.0,3218.51,18449,57.96467553,37.47086563,789022.0,1865.5988784,6,1,0
2015-11-15,0.0,59.3333333333,34.0,-1,-1,-1,0.0,17,22,1.0,3218.51,18449,57.96467553,37.47086563,789022.0,1865.5988784,6,1,0
2015-11-15,0.0,59.3333333333,34.0,-1,-1,-1,0.0,15,9,1.0,3218.51,18449,57.96467553,37.47086563,789022.0,1865.5988784,6,1,0
2015-11-15,0.0,59.3333333333,34.0,-1,-1,-1,0.0,16,23,1.0,3218.51,18449,57.96467553,37.47086563,789022.0,1865.5988784,6,1,0
2015-11-15,0.0,59.3333333333,34.0,-1,-1,-1,0.0,10,11,1.0,3218.51,18449,57.96467553,37.47086563,789022.0,1865.5988784,6,1,0
2015-11-15,0.0,59.3333333333,34.0,-1,-1,-1,0.0,31,19,1.0,3218.51,18449,57.96467553,37.47086563,789022.0,1865.5988784,6,1,0
2015-11-15,0.0,59.3333333333,34.0,-1,-1,-1,0.0,24,7,1.0,3218.51,18449,57.96467553,37.47086563,789022.0,1865.5988784,6,1,0
2015-11-16,0.0,66.6666666667,38.3333333333,-1,-1,-1,0.0,12,6,1.0,1944.84028,11974,54.58416185,40.87188909,789379.0,1061.57476616,0,0,0
2015-11-17,0.0,70.3333333333,51.0,-1,-1,-1,0.0,-1,-1,0.0,2176.557944,14509,49.88050669,52.140051,789745.0,1085.67813087,1,0,0
2015-11-18,0.203793103448,70.6666666667,55.0,-1,-1,-1,0.0,-1,-1,0.0,2782.540935,15771,55.82844538,35.59064105,790285.0,1553.44934607,2,0,0
2015-11-19,1.36178571429,70.0,48.6666666667,-1,-1,-1,0.0,14,30,1.0,2680.773832,15508,53.52350486,40.04384834,790740.0,1434.84411226,3,0,0
2015-11-20,0.0848,69.0,44.0,-1,-1,-1,0.0,-1,-1,0.0,4941.703084,26564,52.66370104,39.65517241,791448.0,2602.48373844,4,3,1
2015-11-21,0.000434782608696,56.6666666667,43.0,129,110,-1,1.0,-1,-1,0.0,4968.229346,25971,50.96893242,38.64310192,792213.0,2532.25345783,5,3,1
2015-11-21,0.000434782608696,56.6666666667,43.0,3,75,-1,1.0,-1,-1,0.0,4968.229346,25971,50.96893242,38.64310192,792213.0,2532.25345783,5,3,1
2015-11-21,0.000434782608696,56.6666666667,43.0,0,179,-1,1.0,-1,-1,0.0,4968.229346,25971,50.96893242,38.64310192,792213.0,2532.25345783,5,3,1
2015-11-21,0.000434782608696,56.6666666667,43.0,183,9,-1,1.0,-1,-1,0.0,4968.229346,25971,50.96893242,38.64310192,792213.0,2532.25345783,5,3,1
2015-11-21,0.000434782608696,56.6666666667,43.0,164,120,-1,1.0,-1,-1,0.0,4968.229346,25971,50.96893242,38.64310192,792213.0,2532.25345783,5,3,1
2015-11-21,0.000434782608696,56.6666666667,43.0,45,111,-1,1.0,-1,-1,0.0,4968.229346,25971,50.96893242,38.64310192,792213.0,2532.25345783,5,3,1
2015-11-21,0.000434782608696,56.6666666667,43.0,151,154,-1,1.0,-1,-1,0.0,4968.229346,25971,50.96893242,38.64310192,792213.0,2532.25345783,5,3,1
2015-11-21,0.000434782608696,56.6666666667,43.0,31,152,-1,1.0,-1,-1,0.0,4968.229346,25971,50.96893242,38.64310192,792213.0,2532.25345783,5,3,1
2015-11-21,0.000434782608696,56.6666666667,43.0,174,36,-1,1.0,-1,-1,0.0,4968.229346,25971,50.96893242,38.64310192,792213.0,2532.25345783,5,3,1
2015-11-21,0.000434782608696,56.6666666667,43.0,123,23,-1,1.0,-1,-1,0.0,4968.229346,25971,50.96893242,38.64310192,792213.0,2532.25345783,5,3,1
2015-11-21,0.000434782608696,56.6666666667,43.0,73,174,-1,1.0,-1,-1,0.0,4968.229346,25971,50.96893242,38.64310192,792213.0,2532.25345783,5,3,1
2015-11-21,0.000434782608696,56.6666666667,43.0,18,178,-1,1.0,-1,-1,0.0,4968.229346,25971,50.96893242,38.64310192,792213.0,2532.25345783,5,3,1
2015-11-21,0.000434782608696,56.6666666667,43.0,83,50,-1,1.0,-1,-1,0.0,4968.229346,25971,50.96893242,38.64310192,792213.0,2532.25345783,5,3,1
2015-11-21,0.000434782608696,56.6666666667,43.0,143,104,10,1.0,-1,-1,0.0,4968.229346,25971,50.96893242,38.64310192,792213.0,2532.25345783,5,3,1
2015-11-21,0.000434782608696,56.6666666667,43.0,160,5,-1,1.0,-1,-1,0.0,4968.229346,25971,50.96893242,38.64310192,792213.0,2532.25345783,5,3,1
2015-11-21,0.000434782608696,56.6666666667,43.0,106,53,-1,1.0,-1,-1,0.0,4968.229346,25971,50.96893242,38.64310192,792213.0,2532.25345783,5,3,1
2015-11-21,0.000434782608696,56.6666666667,43.0,43,107,-1,1.0,-1,-1,0.0,4968.229346,25971,50.96893242,38.64310192,792213.0,2532.25345783,5,3,1
2015-11-21,0.000434782608696,56.6666666667,43.0,205,29,-1,1.0,-1,-1,0.0,4968.229346,25971,50.96893242,38.64310192,792213.0,2532.25345783,5,3,1
2015-11-21,0.000434782608696,56.6666666667,43.0,119,113,-1,1.0,-1,-1,0.0,4968.229346,25971,50.96893242,38.64310192,792213.0,2532.25345783,5,3,1
2015-11-22,0.0,52.3333333333,35.0,-1,-1,-1,0.0,13,1,1.0,3357.486168,19062,57.09819836,37.62459343,792742.0,1917.06411211,6,1,0
2015-11-22,0.0,52.3333333333,35.0,-1,-1,-1,0.0,29,23,1.0,3357.486168,19062,57.09819836,37.62459343,792742.0,1917.06411211,6,1,0
2015-11-22,0.0,52.3333333333,35.0,-1,-1,-1,0.0,9,5,1.0,3357.486168,19062,57.09819836,37.62459343,792742.0,1917.06411211,6,1,0
2015-11-22,0.0,52.3333333333,35.0,-1,-1,-1,0.0,27,26,1.0,3357.486168,19062,57.09819836,37.62459343,792742.0,1917.06411211,6,1,0
2015-11-22,0.0,52.3333333333,35.0,-1,-1,-1,0.0,0,6,1.0,3357.486168,19062,57.09819836,37.62459343,792742.0,1917.06411211,6,1,0
2015-11-22,0.0,52.3333333333,35.0,-1,-1,-1,0.0,10,22,1.0,3357.486168,19062,57.09819836,37.62459343,792742.0,1917.06411211,6,1,0
2015-11-22,0.0,52.3333333333,35.0,-1,-1,-1,0.0,4,31,1.0,3357.486168,19062,57.09819836,37.62459343,792742.0,1917.06411211,6,1,0
2015-11-22,0.0,52.3333333333,35.0,-1,-1,-1,0.0,2,28,1.0,3357.486168,19062,57.09819836,37.62459343,792742.0,1917.06411211,6,1,0
2015-11-22,0.0,52.3333333333,35.0,-1,-1,-1,0.0,12,21,1.0,3357.486168,19062,57.09819836,37.62459343,792742.0,1917.06411211,6,1,0
2015-11-22,0.0,52.3333333333,35.0,-1,-1,-1,0.0,8,16,1.0,3357.486168,19062,57.09819836,37.62459343,792742.0,1917.06411211,6,1,0
2015-11-22,0.0,52.3333333333,35.0,-1,-1,-1,0.0,15,25,1.0,3357.486168,19062,57.09819836,37.62459343,792742.0,1917.06411211,6,1,0
2015-11-22,0.0,52.3333333333,35.0,-1,-1,-1,0.0,11,17,1.0,3357.486168,19062,57.09819836,37.62459343,792742.0,1917.06411211,6,1,0
2015-11-23,0.0,54.3333333333,30.3333333333,-1,-1,-1,0.0,18,3,1.0,2439.256542,14467,56.23939346,38.84011889,793191.0,1371.82308415,0,0,0
2015-11-24,0.0,58.6666666667,30.0,-1,-1,-1,0.0,-1,-1,0.0,2756.849065,16942,52.22554803,45.9331838,793564.0,1439.77953256,1,0,0
2015-11-25,0.0,57.3333333333,34.0,-1,-1,-1,0.0,-1,-1,0.0,3603.190467,19642,53.4542051,41.82364321,794046.0,1926.05682237,2,1,0
2015-11-26,0.0,68.3333333333,45.0,-1,-1,-1,0.0,4,8,1.0,34.64859813,153,12.01569833,49.67320261,794081.0,4.16327102687,3,0,0
2015-11-26,0.0,68.3333333333,45.0,-1,-1,-1,0.0,5,11,1.0,34.64859813,153,12.01569833,49.67320261,794081.0,4.16327102687,3,0,0
2015-11-26,0.0,68.3333333333,45.0,-1,-1,-1,0.0,10,23,1.0,34.64859813,153,12.01569833,49.67320261,794081.0,4.16327102687,3,0,0
2015-11-27,0.0,71.6666666667,49.3333333333,86,21,-1,1.0,-1,-1,0.0,3492.773084,19037,57.43172177,39.59657509,794567.0,2005.95971966,4,2,1
2015-11-27,0.0,71.6666666667,49.3333333333,132,144,-1,1.0,-1,-1,0.0,3492.773084,19037,57.43172177,39.59657509,794567.0,2005.95971966,4,2,1
2015-11-27,0.0,71.6666666667,49.3333333333,68,151,-1,1.0,-1,-1,0.0,3492.773084,19037,57.43172177,39.59657509,794567.0,2005.95971966,4,2,1
2015-11-27,0.0,71.6666666667,49.3333333333,44,81,4,1.0,-1,-1,0.0,3492.773084,19037,57.43172177,39.59657509,794567.0,2005.95971966,4,2,1
2015-11-27,0.0,71.6666666667,49.3333333333,207,44,-1,1.0,-1,-1,0.0,3492.773084,19037,57.43172177,39.59657509,794567.0,2005.95971966,4,2,1
2015-11-27,0.0,71.6666666667,49.3333333333,209,62,-1,1.0,-1,-1,0.0,3492.773084,19037,57.43172177,39.59657509,794567.0,2005.95971966,4,2,1
2015-11-28,0.0,71.3333333333,48.0,77,102,-1,1.0,-1,-1,0.0,4097.758318,22419,55.52176761,38.90450065,795213.0,2275.14785054,5,3,1
2015-11-28,0.0,71.3333333333,48.0,0,157,-1,1.0,-1,-1,0.0,4097.758318,22419,55.52176761,38.90450065,795213.0,2275.14785054,5,3,1
2015-11-28,0.0,71.3333333333,48.0,28,1,-1,1.0,-1,-1,0.0,4097.758318,22419,55.52176761,38.90450065,795213.0,2275.14785054,5,3,1
2015-11-28,0.0,71.3333333333,48.0,153,152,-1,1.0,-1,-1,0.0,4097.758318,22419,55.52176761,38.90450065,795213.0,2275.14785054,5,3,1
2015-11-28,0.0,71.3333333333,48.0,72,56,-1,1.0,-1,-1,0.0,4097.758318,22419,55.52176761,38.90450065,795213.0,2275.14785054,5,3,1
2015-11-28,0.0,71.3333333333,48.0,12,148,-1,1.0,-1,-1,0.0,4097.758318,22419,55.52176761,38.90450065,795213.0,2275.14785054,5,3,1
2015-11-28,0.0,71.3333333333,48.0,60,127,-1,1.0,-1,-1,0.0,4097.758318,22419,55.52176761,38.90450065,795213.0,2275.14785054,5,3,1
2015-11-28,0.0,71.3333333333,48.0,168,7,-1,1.0,-1,-1,0.0,4097.758318,22419,55.52176761,38.90450065,795213.0,2275.14785054,5,3,1
2015-11-28,0.0,71.3333333333,48.0,144,91,-1,1.0,-1,-1,0.0,4097.758318,22419,55.52176761,38.90450065,795213.0,2275.14785054,5,3,1
2015-11-28,0.0,71.3333333333,48.0,199,54,-1,1.0,-1,-1,0.0,4097.758318,22419,55.52176761,38.90450065,795213.0,2275.14785054,5,3,1
2015-11-28,0.0,71.3333333333,48.0,24,73,-1,1.0,-1,-1,0.0,4097.758318,22419,55.52176761,38.90450065,795213.0,2275.14785054,5,3,1
2015-11-28,0.0,71.3333333333,48.0,126,115,-1,1.0,-1,-1,0.0,4097.758318,22419,55.52176761,38.90450065,795213.0,2275.14785054,5,3,1
2015-11-29,0.0,73.3333333333,52.0,-1,-1,-1,0.0,21,16,1.0,3204.530654,18498,58.50177719,37.84192886,795765.0,1874.70738319,6,1,0
2015-11-29,0.0,73.3333333333,52.0,-1,-1,-1,0.0,17,1,1.0,3204.530654,18498,58.50177719,37.84192886,795765.0,1874.70738319,6,1,0
2015-11-29,0.0,73.3333333333,52.0,-1,-1,-1,0.0,15,3,1.0,3204.530654,18498,58.50177719,37.84192886,795765.0,1874.70738319,6,1,0
2015-11-29,0.0,73.3333333333,52.0,-1,-1,-1,0.0,25,14,1.0,3204.530654,18498,58.50177719,37.84192886,795765.0,1874.70738319,6,1,0
2015-11-29,0.0,73.3333333333,52.0,-1,-1,-1,0.0,22,30,1.0,3204.530654,18498,58.50177719,37.84192886,795765.0,1874.70738319,6,1,0
2015-11-29,0.0,73.3333333333,52.0,-1,-1,-1,0.0,9,18,1.0,3204.530654,18498,58.50177719,37.84192886,795765.0,1874.70738319,6,1,0
2015-11-29,0.0,73.3333333333,52.0,-1,-1,-1,0.0,12,19,1.0,3204.530654,18498,58.50177719,37.84192886,795765.0,1874.70738319,6,1,0
2015-11-29,0.0,73.3333333333,52.0,-1,-1,-1,0.0,31,20,1.0,3204.530654,18498,58.50177719,37.84192886,795765.0,1874.70738319,6,1,0
2015-11-29,0.0,73.3333333333,52.0,-1,-1,-1,0.0,6,28,1.0,3204.530654,18498,58.50177719,37.84192886,795765.0,1874.70738319,6,1,0
2015-11-29,0.0,73.3333333333,52.0,-1,-1,-1,0.0,27,24,1.0,3204.530654,18498,58.50177719,37.84192886,795765.0,1874.70738319,6,1,0
2015-11-29,0.0,73.3333333333,52.0,-1,-1,-1,0.0,13,29,1.0,3204.530654,18498,58.50177719,37.84192886,795765.0,1874.70738319,6,1,0
2015-11-29,0.0,73.3333333333,52.0,-1,-1,-1,0.0,0,26,1.0,3204.530654,18498,58.50177719,37.84192886,795765.0,1874.70738319,6,1,0
2015-11-30,0.0008,71.6666666667,60.0,-1,-1,-1,0.0,2,7,1.0,2080.79785,12418,55.33872544,40.78756644,796118.0,1151.48700917,0,0,0
2015-12-01,0.0,66.6666666667,58.3333333333,-1,-1,-1,0.0,-1,-1,0.0,2685.79757,17176,51.81229864,48.42803912,796583.0,1391.57345783,1,0,0
2015-12-02,0.236296296296,61.0,46.3333333333,-1,-1,-1,0.0,-1,-1,0.0,2581.746636,14809,52.69842857,39.9149166,797041.0,1360.53990683,2,0,0
2015-12-03,0.0426923076923,49.3333333333,36.6666666667,-1,-1,-1,0.0,11,10,1.0,2938.376636,16821,52.3686262,39.16532905,797502.0,1538.78747685,3,0,0
2015-12-04,0.0,56.6666666667,33.0,-1,-1,-1,0.0,-1,-1,0.0,4930.263832,27046,47.26228088,39.91717814,798165.0,2330.1551404,4,3,1
2015-12-05,0.0,59.3333333333,31.0,77,27,-1,1.0,-1,-1,0.0,5130.91514,28228,55.98346742,37.50885645,799023.0,2872.46420575,5,3,1
2015-12-05,0.0,59.3333333333,31.0,0,87,-1,1.0,-1,-1,0.0,5130.91514,28228,55.98346742,37.50885645,799023.0,2872.46420575,5,3,1
2015-12-05,0.0,59.3333333333,31.0,55,42,-1,1.0,-1,-1,0.0,5130.91514,28228,55.98346742,37.50885645,799023.0,2872.46420575,5,3,1
2015-12-05,0.0,59.3333333333,31.0,142,71,-1,1.0,-1,-1,0.0,5130.91514,28228,55.98346742,37.50885645,799023.0,2872.46420575,5,3,1
2015-12-05,0.0,59.3333333333,31.0,162,60,-1,1.0,-1,-1,0.0,5130.91514,28228,55.98346742,37.50885645,799023.0,2872.46420575,5,3,1
2015-12-05,0.0,59.3333333333,31.0,202,6,-1,1.0,-1,-1,0.0,5130.91514,28228,55.98346742,37.50885645,799023.0,2872.46420575,5,3,1
2015-12-06,0.0,64.3333333333,39.3333333333,-1,-1,-1,0.0,29,1,1.0,3394.866636,19766,57.0767332,38.55104725,799601.0,1937.67897233,6,1,0
2015-12-06,0.0,64.3333333333,39.3333333333,-1,-1,-1,0.0,6,7,1.0,3394.866636,19766,57.0767332,38.55104725,799601.0,1937.67897233,6,1,0
2015-12-06,0.0,64.3333333333,39.3333333333,-1,-1,-1,0.0,4,19,1.0,3394.866636,19766,57.0767332,38.55104725,799601.0,1937.67897233,6,1,0
2015-12-06,0.0,64.3333333333,39.3333333333,-1,-1,-1,0.0,0,28,1.0,3394.866636,19766,57.0767332,38.55104725,799601.0,1937.67897233,6,1,0
2015-12-06,0.0,64.3333333333,39.3333333333,-1,-1,-1,0.0,30,14,1.0,3394.866636,19766,57.0767332,38.55104725,799601.0,1937.67897233,6,1,0
2015-12-06,0.0,64.3333333333,39.3333333333,-1,-1,-1,0.0,27,17,1.0,3394.866636,19766,57.0767332,38.55104725,799601.0,1937.67897233,6,1,0
2015-12-06,0.0,64.3333333333,39.3333333333,-1,-1,-1,0.0,15,22,1.0,3394.866636,19766,57.0767332,38.55104725,799601.0,1937.67897233,6,1,0
2015-12-06,0.0,64.3333333333,39.3333333333,-1,-1,-1,0.0,16,2,1.0,3394.866636,19766,57.0767332,38.55104725,799601.0,1937.67897233,6,1,0
2015-12-06,0.0,64.3333333333,39.3333333333,-1,-1,-1,0.0,21,20,1.0,3394.866636,19766,57.0767332,38.55104725,799601.0,1937.67897233,6,1,0
2015-12-06,0.0,64.3333333333,39.3333333333,-1,-1,-1,0.0,9,25,1.0,3394.866636,19766,57.0767332,38.55104725,799601.0,1937.67897233,6,1,0
2015-12-06,0.0,64.3333333333,39.3333333333,-1,-1,-1,0.0,24,13,1.0,3394.866636,19766,57.0767332,38.55104725,799601.0,1937.67897233,6,1,0
2015-12-06,0.0,64.3333333333,39.3333333333,-1,-1,-1,0.0,3,12,1.0,3394.866636,19766,57.0767332,38.55104725,799601.0,1937.67897233,6,1,0
2015-12-06,0.0,64.3333333333,39.3333333333,-1,-1,-1,0.0,23,18,1.0,3394.866636,19766,57.0767332,38.55104725,799601.0,1937.67897233,6,1,0
2015-12-06,0.0,64.3333333333,39.3333333333,-1,-1,-1,0.0,26,5,1.0,3394.866636,19766,57.0767332,38.55104725,799601.0,1937.67897233,6,1,0
2015-12-07,0.0,65.6666666667,41.6666666667,-1,-1,-1,0.0,8,31,1.0,2064.458692,12484,55.15403825,40.47580904,799964.0,1138.63233664,0,0,0
2015-12-08,0.0,64.0,35.3333333333,-1,-1,-1,0.0,-1,-1,0.0,2414.811963,15896,52.10692282,50.26421741,800356.0,1258.28420581,1,0,0
2015-12-09,0.0,65.3333333333,36.3333333333,-1,-1,-1,0.0,-1,-1,0.0,2544.297944,14782,53.88453374,41.03639562,800802.0,1370.98308408,2,0,0
2015-12-10,0.0,66.0,49.6666666667,-1,-1,-1,0.0,0,17,1.0,2835.897383,16395,55.24659454,39.59743824,801239.0,1566.73672876,3,0,0
2015-12-11,0.0,73.0,50.6666666667,-1,-1,-1,0.0,-1,-1,0.0,4996.256542,27202,53.90533043,39.76545842,801987.0,2693.2485981,4,3,1
2015-12-12,0.000952380952381,73.0,50.0,88,101,-1,1.0,-1,-1,0.0,4708.608505,26092,56.14113311,38.87781696,802758.0,2643.46616842,5,3,1
2015-12-13,0.0109090909091,72.0,50.3333333333,-1,-1,-1,0.0,19,29,1.0,3432.091028,19710,57.14778005,39.74632166,803351.0,1961.3638318,6,1,0
2015-12-13,0.0109090909091,72.0,50.3333333333,-1,-1,-1,0.0,23,3,1.0,3432.091028,19710,57.14778005,39.74632166,803351.0,1961.3638318,6,1,0
2015-12-13,0.0109090909091,72.0,50.3333333333,-1,-1,-1,0.0,15,25,1.0,3432.091028,19710,57.14778005,39.74632166,803351.0,1961.3638318,6,1,0
2015-12-13,0.0109090909091,72.0,50.3333333333,-1,-1,-1,0.0,21,30,1.0,3432.091028,19710,57.14778005,39.74632166,803351.0,1961.3638318,6,1,0
2015-12-13,0.0109090909091,72.0,50.3333333333,-1,-1,-1,0.0,27,2,1.0,3432.091028,19710,57.14778005,39.74632166,803351.0,1961.3638318,6,1,0
2015-12-13,0.0109090909091,72.0,50.3333333333,-1,-1,-1,0.0,14,13,1.0,3432.091028,19710,57.14778005,39.74632166,803351.0,1961.3638318,6,1,0
2015-12-13,0.0109090909091,72.0,50.3333333333,-1,-1,-1,0.0,11,8,1.0,3432.091028,19710,57.14778005,39.74632166,803351.0,1961.3638318,6,1,0
2015-12-13,0.0109090909091,72.0,50.3333333333,-1,-1,-1,0.0,24,6,1.0,3432.091028,19710,57.14778005,39.74632166,803351.0,1961.3638318,6,1,0
2015-12-13,0.0109090909091,72.0,50.3333333333,-1,-1,-1,0.0,4,1,1.0,3432.091028,19710,57.14778005,39.74632166,803351.0,1961.3638318,6,1,0
2015-12-13,0.0109090909091,72.0,50.3333333333,-1,-1,-1,0.0,7,26,1.0,3432.091028,19710,57.14778005,39.74632166,803351.0,1961.3638318,6,1,0
2015-12-13,0.0109090909091,72.0,50.3333333333,-1,-1,-1,0.0,22,9,1.0,3432.091028,19710,57.14778005,39.74632166,803351.0,1961.3638318,6,1,0
2015-12-13,0.0109090909091,72.0,50.3333333333,-1,-1,-1,0.0,18,12,1.0,3432.091028,19710,57.14778005,39.74632166,803351.0,1961.3638318,6,1,0
2015-12-13,0.0109090909091,72.0,50.3333333333,-1,-1,-1,0.0,31,5,1.0,3432.091028,19710,57.14778005,39.74632166,803351.0,1961.3638318,6,1,0
2015-12-13,0.0109090909091,72.0,50.3333333333,-1,-1,-1,0.0,28,10,1.0,3432.091028,19710,57.14778005,39.74632166,803351.0,1961.3638318,6,1,0
2015-12-14,0.0537037037037,68.3333333333,52.6666666667,-1,-1,-1,0.0,20,16,1.0,2184.308505,13233,55.52914563,40.30076324,803684.0,1212.92785075,0,0,0
2015-12-15,0.232962962963,72.6666666667,45.6666666667,-1,-1,-1,0.0,-1,-1,0.0,2569.955421,16245,52.32401028,49.14127424,804152.0,1344.70373868,1,0,0
2015-12-16,0.0263636363636,72.6666666667,41.0,-1,-1,-1,0.0,-1,-1,0.0,2845.971204,16182,53.79842831,40.86639476,804673.0,1531.08777791,2,0,0
2015-12-17,1.6337037037,65.6666666667,48.3333333333,-1,-1,-1,0.0,28,29,1.0,3349.750926,18344,51.80170112,39.42978631,805244.0,1735.22796295,3,1,0
2015-12-18,0.0464,48.6666666667,32.6666666667,-1,-1,-1,0.0,-1,-1,0.0,5575.955,29132,53.27577834,38.84731567,806106.0,2970.63342614,4,3,1
2015-12-19,0.0,52.3333333333,28.3333333333,85,106,-1,1.0,21,8,1.0,4440.83287,24329,54.11582057,38.73155493,806851.0,2403.19314774,5,3,1
2015-12-20,0.0,55.3333333333,30.3333333333,-1,-1,-1,0.0,27,7,1.0,3541.255463,20002,55.45405677,39.07609239,807423.0,1963.76981482,6,1,0
2015-12-20,0.0,55.3333333333,30.3333333333,-1,-1,-1,0.0,25,16,1.0,3541.255463,20002,55.45405677,39.07609239,807423.0,1963.76981482,6,1,0
2015-12-20,0.0,55.3333333333,30.3333333333,-1,-1,-1,0.0,31,3,1.0,3541.255463,20002,55.45405677,39.07609239,807423.0,1963.76981482,6,1,0
2015-12-20,0.0,55.3333333333,30.3333333333,-1,-1,-1,0.0,17,5,1.0,3541.255463,20002,55.45405677,39.07609239,807423.0,1963.76981482,6,1,0
2015-12-20,0.0,55.3333333333,30.3333333333,-1,-1,-1,0.0,1,14,1.0,3541.255463,20002,55.45405677,39.07609239,807423.0,1963.76981482,6,1,0
2015-12-20,0.0,55.3333333333,30.3333333333,-1,-1,-1,0.0,15,2,1.0,3541.255463,20002,55.45405677,39.07609239,807423.0,1963.76981482,6,1,0
2015-12-20,0.0,55.3333333333,30.3333333333,-1,-1,-1,0.0,0,23,1.0,3541.255463,20002,55.45405677,39.07609239,807423.0,1963.76981482,6,1,0
2015-12-20,0.0,55.3333333333,30.3333333333,-1,-1,-1,0.0,11,22,1.0,3541.255463,20002,55.45405677,39.07609239,807423.0,1963.76981482,6,1,0
2015-12-20,0.0,55.3333333333,30.3333333333,-1,-1,-1,0.0,6,26,1.0,3541.255463,20002,55.45405677,39.07609239,807423.0,1963.76981482,6,1,0
2015-12-20,0.0,55.3333333333,30.3333333333,-1,-1,-1,0.0,18,30,1.0,3541.255463,20002,55.45405677,39.07609239,807423.0,1963.76981482,6,1,0
2015-12-20,0.0,55.3333333333,30.3333333333,-1,-1,-1,0.0,12,13,1.0,3541.255463,20002,55.45405677,39.07609239,807423.0,1963.76981482,6,1,0
2015-12-20,0.0,55.3333333333,30.3333333333,-1,-1,-1,0.0,24,9,1.0,3541.255463,20002,55.45405677,39.07609239,807423.0,1963.76981482,6,1,0
2015-12-20,0.0,55.3333333333,30.3333333333,-1,-1,-1,0.0,4,20,1.0,3541.255463,20002,55.45405677,39.07609239,807423.0,1963.76981482,6,1,0
2015-12-21,0.0585714285714,59.0,43.3333333333,128,158,-1,1.0,10,19,1.0,2996.60537,17925,58.13590057,40.77545328,807986.0,1742.10351838,0,1,0
2015-12-22,0.572,63.6666666667,52.3333333333,204,61,-1,1.0,-1,-1,0.0,3213.337963,19287,53.32261797,45.24290973,808529.0,1713.4359261,1,1,0
2015-12-23,0.3096,65.5,60.5,-1,-1,-1,0.0,-1,-1,0.0,4049.051759,22161,55.8734042,37.71490456,809291.0,2262.34305557,2,2,1
2015-12-24,2.1547826087,72.0,64.6666666667,-1,-1,-1,0.0,22,25,1.0,3198.810926,16971,48.20058136,49.1249779,809769.0,1541.84546294,3,0,0
2015-12-26,0.732608695652,77.3333333333,58.6666666667,-1,-1,-1,0.0,31,23,1.0,3739.450278,20744,56.31189156,39.59217123,810411.0,2105.75518549,5,2,1
2015-12-27,0.0135,75.6666666667,64.3333333333,-1,-1,-1,0.0,5,29,1.0,3601.496204,20656,59.52779039,40.05615802,811101.0,2143.89111122,6,2,1
2015-12-27,0.0135,75.6666666667,64.3333333333,-1,-1,-1,0.0,21,18,1.0,3601.496204,20656,59.52779039,40.05615802,811101.0,2143.89111122,6,2,1
2015-12-27,0.0135,75.6666666667,64.3333333333,-1,-1,-1,0.0,13,16,1.0,3601.496204,20656,59.52779039,40.05615802,811101.0,2143.89111122,6,2,1
2015-12-27,0.0135,75.6666666667,64.3333333333,-1,-1,-1,0.0,17,20,1.0,3601.496204,20656,59.52779039,40.05615802,811101.0,2143.89111122,6,2,1
2015-12-27,0.0135,75.6666666667,64.3333333333,-1,-1,-1,0.0,1,4,1.0,3601.496204,20656,59.52779039,40.05615802,811101.0,2143.89111122,6,2,1
2015-12-27,0.0135,75.6666666667,64.3333333333,-1,-1,-1,0.0,3,8,1.0,3601.496204,20656,59.52779039,40.05615802,811101.0,2143.89111122,6,2,1
2015-12-27,0.0135,75.6666666667,64.3333333333,-1,-1,-1,0.0,2,24,1.0,3601.496204,20656,59.52779039,40.05615802,811101.0,2143.89111122,6,2,1
2015-12-27,0.0135,75.6666666667,64.3333333333,-1,-1,-1,0.0,10,26,1.0,3601.496204,20656,59.52779039,40.05615802,811101.0,2143.89111122,6,2,1
2015-12-27,0.0135,75.6666666667,64.3333333333,-1,-1,-1,0.0,28,27,1.0,3601.496204,20656,59.52779039,40.05615802,811101.0,2143.89111122,6,2,1
2015-12-27,0.0135,75.6666666667,64.3333333333,-1,-1,-1,0.0,15,7,1.0,3601.496204,20656,59.52779039,40.05615802,811101.0,2143.89111122,6,2,1
2015-12-27,0.0135,75.6666666667,64.3333333333,-1,-1,-1,0.0,19,14,1.0,3601.496204,20656,59.52779039,40.05615802,811101.0,2143.89111122,6,2,1
2015-12-27,0.0135,75.6666666667,64.3333333333,-1,-1,-1,0.0,12,30,1.0,3601.496204,20656,59.52779039,40.05615802,811101.0,2143.89111122,6,2,1
2015-12-27,0.0135,75.6666666667,64.3333333333,-1,-1,-1,0.0,0,11,1.0,3601.496204,20656,59.52779039,40.05615802,811101.0,2143.89111122,6,2,1
2015-12-28,0.2636,72.3333333333,66.3333333333,88,153,-1,1.0,9,6,1.0,3379.130926,19995,61.7061493,38.26456614,811896.0,2085.13157424,0,2,1
2015-12-29,1.30538461538,70.3333333333,56.0,64,2,-1,1.0,-1,-1,0.0,3088.884259,18808,54.47970695,46.04955338,812423.0,1682.81509233,1,1,0
2015-12-29,1.30538461538,70.3333333333,56.0,95,169,-1,1.0,-1,-1,0.0,3088.884259,18808,54.47970695,46.04955338,812423.0,1682.81509233,1,1,0
2015-12-30,0.333043478261,64.0,57.0,108,161,-1,1.0,-1,-1,0.0,3751.75963,21171,57.20476742,37.97175381,813230.0,2146.1853705,2,2,1
2015-12-31,0.889230769231,60.6666666667,45.0,77,67,-1,1.0,-1,-1,0.0,5607.788241,29079,51.94523364,43.59159531,814123.0,2912.97870382,3,3,1
2015-12-31,0.889230769231,60.6666666667,45.0,0,74,-1,1.0,-1,-1,0.0,5607.788241,29079,51.94523364,43.59159531,814123.0,2912.97870382,3,3,1
2015-12-31,0.889230769231,60.6666666667,45.0,29,89,-1,1.0,-1,-1,0.0,5607.788241,29079,51.94523364,43.59159531,814123.0,2912.97870382,3,3,1
