Date,PSA Sales,Orders,Online Sls %,Carryout %,Papa Rewards Customer Enrollments
2013-12-30,2479.445385,14552,51.23323563,40.18691589,453720
2013-12-31,4257.727404,23195,46.86579255,45.30717827,454383
2014-01-01,3056.406058,17538,54.60225831,36.57771696,455046
2014-01-02,2864.802308,16538,49.81327413,38.24525336,455616
2014-01-03,4387.694135,24525,49.22157619,40.39551478,456442
2014-01-04,4194.014615,23384,48.54971664,39.01813206,457229
2014-01-05,2975.335769,17015,50.84082301,39.15368792,457784
2014-01-06,2850.463654,16319,51.88528034,36.31962743,458408
2014-01-07,2723.274808,16364,49.05070458,41.7318504,459081
2014-01-08,2223.333365,13034,47.05398819,41.5988952,459492
2014-01-09,2369.539615,13710,46.78571933,41.59737418,459934
2014-01-10,4631.105673,25494,48.59138037,42.04910959,460740
2014-01-11,4446.934038,24393,49.21100783,39.44574263,461549
2014-01-12,2845.561538,16188,50.40779432,40.53002224,462028
2014-01-13,1674.339135,10138,47.94307191,40.62931545,462328
2014-01-14,1995.353942,12926,45.46153634,52.78508433,462726
2014-01-15,2095.794423,12007,47.07356702,42.16706921,463063
2014-01-16,2314.955192,13140,45.68847362,41.30136986,463410
2014-01-17,4431.806346,23937,48.34033206,41.66353344,464143
2014-01-18,3967.369423,21470,47.27997931,38.57941313,464806
2014-01-19,3472.284231,19080,51.15212896,38.46436059,465468
2014-01-20,1968.497212,11783,50.883056,40.25290673,465860
2014-01-21,1838.9875,11954,48.12887736,50.26769282,466215
2014-01-22,1915.001731,11051,48.85920971,40.64790517,466520
2014-01-23,2218.275385,12410,48.13161333,39.31506849,466870
2014-01-24,4552.526635,24393,49.54259867,39.71631206,467501
2014-01-25,3915.654808,21172,48.05256317,38.12110334,468131
2014-01-26,2476.181731,14041,47.68365454,39.59831921,468498
2014-01-27,1486.111442,8825,46.47755542,42.28895184,468759
2014-01-28,1552.765962,9801,35.58079918,68.45219876,469088
2014-01-29,1289.773107,6462,17.52849884,76.88022284,469121
2014-01-30,3590.413942,18218,47.7631021,38.2259304,469886
2014-01-31,4546.290769,23292,49.43396798,39.73037953,470818
2014-02-01,4017.05625,20508,48.34212577,39.03354788,471659
2014-02-02,5239.668077,25273,52.24153402,47.06999565,472964
2014-02-03,1651.750192,9955,47.19718629,39.76896032,473270
2014-02-04,2161.088942,13803,46.40622549,48.90965732,473692
2014-02-05,2167.647212,12083,46.07774621,40.63560374,474023
2014-02-06,2386.021058,13216,47.31759936,39.19491525,474389
2014-02-07,4499.251635,23309,46.58610854,40.87262431,475021
2014-02-08,4082.572788,21342,45.90425951,38.55308781,475693
2014-02-09,2654.085481,14483,48.94519114,38.67983153,476078
2014-02-10,2029.353942,11579,45.66668883,45.49615684,476365
2014-02-11,3187.557404,17656,45.40043427,49.9943362,476868
2014-02-12,694.3209615,3141,16.34740528,77.93696275,476881
2014-02-13,3635.654327,18389,39.50519699,45.09217467,477456
2014-02-14,5514.112404,27902,48.92728133,40.30177048,478325
2014-02-15,4009.781154,20659,44.99538916,38.69015925,478871
2014-02-16,2884.429231,15287,47.96409195,38.28743377,479311
2014-02-17,2044.96875,11616,47.09929035,40.47004132,479592
2014-02-18,2243.642308,13741,44.52663252,51.16075977,479932
2014-02-19,2269.220288,12346,45.24590813,41.77871375,480213
2014-02-20,2616.750481,13906,45.28350543,40.5220768,480563
2014-02-21,4597.173269,23856,47.40884877,40.68158954,481171
2014-02-22,4110.902788,21304,47.02563579,38.65940668,481732
2014-02-23,2812.527885,15426,49.27685845,38.96019707,482126
2014-02-24,1838.623269,10350,46.46655561,40.32850242,482405
2014-02-25,2310.412115,14373,46.34571937,49.86432895,482811
2014-02-26,2417.791058,13220,47.15986187,40.45385779,483207
2014-02-27,2815.891731,15023,46.33119704,38.77388005,483610
2014-02-28,5121.505673,25958,47.66389782,39.91832961,484355
2014-03-01,4377.412885,22884,46.19489638,38.30624017,484969
2014-03-02,2874.828462,15697,48.34780778,38.22386443,485348
2014-03-03,2175.024904,12360,47.25032989,36.54530744,485689
2014-03-04,2363.116827,14943,46.61049628,49.28729171,486069
2014-03-05,2331.254423,12927,45.76889646,39.93966117,486400
2014-03-06,2950.916635,15896,48.76167715,35.87065929,486860
2014-03-07,4793.874904,24693,48.3525161,40.17332847,487480
2014-03-08,4012.001154,20728,46.05327161,38.69162486,487987
2014-03-09,2693.281346,14532,49.01778021,38.40489953,488345
2014-03-10,1766.646346,10387,47.1330893,41.31125445,488606
2014-03-11,2141.749327,13249,46.77629398,50.33587441,488967
2014-03-12,2371.576154,13095,46.24879867,39.48835433,489250
2014-03-13,2523.589423,13720,46.32620356,40.196793,489600
2014-03-14,4587.756538,23650,47.66697389,40.5961945,490175
2014-03-15,3967.412212,20579,46.56020575,38.40808591,490704
2014-03-16,3040.182981,16605,53.49105537,35.80246914,491217
2014-03-17,2007.903942,11574,50.51570474,38.1717643,491496
2014-03-18,2172.597692,13853,46.68271976,50.83375442,491852
2014-03-19,2153.584904,12178,47.75752041,40.90983741,492167
2014-03-20,2403.660577,13307,46.92003823,41.10618471,492520
2014-03-21,4386.839615,22680,46.88288169,40.20723104,493110
2014-03-22,3977.107404,20439,46.46657214,38.11341064,493642
2014-03-23,2725.487019,14805,51.71440249,38.42620736,494039
2014-03-24,1729.13125,10055,50.40837259,40.93485828,494305
2014-03-25,2218.162692,14078,47.51070403,50.61088223,494668
2014-03-26,2191.919135,12117,47.68768008,40.14194933,494993
2014-03-27,2553.372115,13699,47.03429515,40.25841302,495354
2014-03-28,5095.734423,26301,50.60700845,39.99847915,496109
2014-03-29,4270.892885,22131,48.397885,38.29018119,496756
2014-03-30,2866.689135,15345,50.09820194,38.24698599,497135
2014-03-31,1898.935673,10925,49.80311086,39.75286041,497358
2014-04-01,2334.388846,15107,47.51829708,50.77778513,497755
2014-04-02,2271.860096,12903,46.65409508,41.52522669,498057
2014-04-03,2669.739519,14738,46.76601084,40.63644999,498403
2014-04-04,4590.531731,24215,48.73078429,40.08672311,499054
2014-04-05,3969.098173,21152,47.54561205,38.72919818,499644
2014-04-06,3299.470096,18263,55.31824764,37.80868422,500269
2014-04-07,2485.311058,14282,53.71213981,36.81557205,500687
2014-04-08,2209.648269,14489,48.11761287,51.89454069,501077
2014-04-09,2185.239038,12639,48.53262401,39.29108316,501358
2014-04-10,2429.024038,13680,47.75301888,39.87573099,501637
2014-04-11,4095.088558,21649,47.72061729,40.21894776,502155
2014-04-12,3897.352308,21108,49.08920662,38.705704,502747
2014-04-13,2857.721442,16129,53.36888389,38.62607725,503191
2014-04-14,1991.94875,12133,53.63209501,40.74013022,503575
2014-04-15,2540.015865,16603,51.99793006,50.99680781,504122
2014-04-16,2280.159135,12727,47.8578608,41.11730966,504496
2014-04-17,2673.731346,14673,47.10924369,40.10086554,504879
2014-04-18,5227.937692,27662,51.75436144,38.55831104,505713
2014-04-19,3896.747596,21645,48.92081969,40.71610072,506347
2014-04-20,2103.954231,12245,51.69113342,40.37566354,506672
2014-04-21,1632.736346,9759,50.55409577,40.33200123,506959
2014-04-22,2210.043269,14302,48.20444257,52.85274787,507349
2014-04-23,2139.387404,11877,48.48021511,41.50879852,507663
2014-04-24,2463.000385,13442,46.67322189,40.56687993,507992
2014-04-25,4498.539327,23276,46.98663406,40.82746176,508548
2014-04-26,4109.336058,21129,46.51172243,37.8295234,509043
2014-04-27,3003.804808,16171,52.84350585,37.02924989,509512
2014-04-28,1882.394231,10996,50.40064055,40.22371772,509804
2014-04-29,2378.026538,14971,47.38159178,52.40798878,510190
2014-04-30,2468.964808,13705,49.18291822,41.37905874,510609
2014-05-01,2663.213558,14507,45.75921708,40.60108913,510982
2014-05-02,4728.848846,24344,46.52072789,40.81087742,511552
2014-05-03,4307.655481,22178,46.30371282,38.538191,512074
2014-05-04,2791.65,15213,49.20235345,37.78347466,512449
2014-05-05,1727.978365,10047,47.44513862,39.52423609,512676
2014-05-06,2284.884904,14134,44.19753848,51.34427621,512990
2014-05-07,2230.25625,12489,47.52290667,41.12418929,513304
2014-05-08,2702.718558,14763,48.10069263,40.92664093,513721
2014-05-09,5059.014808,26133,49.38512656,39.7352007,514427
2014-05-10,3844.877115,20649,48.0512131,39.57576638,515041
2014-05-11,2713.241154,13777,47.88567165,40.1974305,515429
2014-05-12,1808.89125,10523,47.30778825,41.36653046,515688
2014-05-13,2175.511154,13481,45.00871944,51.60596395,515985
2014-05-14,2534.341058,13982,46.2674659,39.45787441,516342
2014-05-15,2629.565385,14224,45.80540145,41.03627672,516690
2014-05-16,4511.313558,22762,46.15539338,40.67305158,517244
2014-05-17,4039.046923,20928,47.72068753,39.5594419,517803
2014-05-18,3088.741154,16532,51.82112093,36.69852407,518334
2014-05-19,2029.165962,11601,50.21166332,41.92742005,518682
2014-05-20,2445.933558,15059,47.31712671,51.05252673,519075
2014-05-21,2518.918365,13343,44.0289103,41.55737091,519359
2014-05-22,2966.251442,14995,43.02568818,40.68689563,519676
2014-05-23,4516.843365,22491,45.79972258,39.88261971,520200
2014-05-24,3515.464615,18833,46.41863183,41.11400202,520579
2014-05-25,2712.130385,14651,48.70180467,38.87789229,520896
2014-05-26,2596.743942,14751,56.0134128,38.26181276,521361
2014-05-27,2264.759904,14203,48.49117772,48.60240794,521728
2014-05-28,2358.497885,13363,47.78909148,39.99101998,522034
2014-05-29,2632.915096,14560,48.2517933,40.69368132,522359
2014-05-30,4825.099135,25308,47.76115102,39.84905959,523034
2014-05-31,4120.143942,21576,46.69211636,38.40841676,523534
2014-06-01,2974.003558,16516,52.34875534,40.36691693,524020
2014-06-02,2049.580769,11827,47.97779471,40.65274372,524328
2014-06-03,2422.479808,15247,46.35034268,50.19348068,524686
2014-06-04,2422.327404,13738,47.21190146,40.39889358,525028
2014-06-05,2873.177115,15804,47.669094,39.16729942,525411
2014-06-06,4454.276923,23499,46.98751502,40.49959573,526023
2014-06-07,3792.169712,20068,46.99484375,38.76818816,526498
2014-06-08,2903.83375,15775,49.83327578,38.54199683,526916
2014-06-09,2022.722692,11830,48.79318223,40.61707523,527197
2014-06-10,2663.718365,16451,47.92740021,49.59576925,527598
2014-06-11,2472.436154,14349,50.92739036,42.71377796,527994
2014-06-12,2752.86,15072,46.18548458,41.99840764,528331
2014-06-13,4568.480962,23889,48.19320308,42.00259534,528832
2014-06-14,3690.147596,19537,47.58392117,39.61713671,529250
2014-06-15,2679.237692,14863,52.84365114,40.41579762,529665
2014-06-16,2304.127212,13232,54.25958678,39.25332527,530018
2014-06-17,2437.723269,15013,49.83490664,48.99087458,530419
2014-06-18,2328.294808,12807,48.69951458,39.86101351,530758
2014-06-19,2609.498077,14554,47.51551838,40.46310293,531138
2014-06-20,4210.330385,21912,49.85423673,40.50292077,531723
2014-06-21,3972.051058,21104,49.85505333,39.70811221,532303
2014-06-22,2874.841635,15306,53.14024154,37.14883052,532684
2014-06-23,2012.923846,11605,50.85708657,39.37957777,532968
2014-06-24,2277.436731,14315,48.51232885,49.88473629,533314
2014-06-25,2215.794231,12469,47.77911289,41.06183335,533625
2014-06-26,2886.47,15103,50.49242674,39.32331325,534019
2014-06-27,4196.064135,21906,49.83874884,40.43641012,534587
2014-06-28,3818.348365,19935,49.27839446,38.23927765,535149
2014-06-29,3031.550385,16837,55.84268826,39.88834115,535680
2014-06-30,2176.020962,12570,50.37931355,37.97136038,536028
2014-07-01,2664.533462,16518,46.61361918,47.91742342,536386
2014-07-02,2511.915962,14420,47.68993757,40.38834951,536760
2014-07-03,3322.835,17931,47.39883552,39.59065306,537179
2014-07-04,2544.499135,13325,43.34382945,39.8424015,537474
2014-07-05,2975.463365,16539,49.18532243,38.99873027,537843
2014-07-06,2860.733365,16492,55.59458984,40.04972108,538289
2014-07-07,1956.583846,11714,49.64209598,40.17415059,538572
2014-07-08,2277.119135,14425,47.40187701,48.97746967,538906
2014-07-09,2262.294904,13050,49.22546953,40.98850575,539205
2014-07-10,2476.277115,14006,48.62978629,40.06140226,539517
2014-07-11,4191.542981,22355,50.4868606,39.45426079,540105
2014-07-12,3603.150673,19275,48.89753404,39.10246433,540547
2014-07-13,2915.542788,16318,54.12098189,39.34305675,540975
2014-07-14,2079.687981,12174,52.78377789,40.36471168,541334
2014-07-15,2413.926058,15082,47.82354042,49.49608805,541679
2014-07-16,2243.837596,12696,48.65812181,40.50882168,542013
2014-07-17,2447.594038,13444,49.1721855,40.3600119,542341
2014-07-18,4056.899904,21210,48.67206887,41.145686,542864
2014-07-19,3514.466538,19244,51.39014697,39.47204323,543443
2014-07-20,2573.570577,14213,52.78474601,37.2264828,543844
2014-07-21,1907.664615,11323,53.46878019,40.77541288,544186
2014-07-22,2172.530481,13508,47.31914224,50.66627184,544449
2014-07-23,2237.253942,12407,48.18751233,40.21923108,544812
2014-07-24,2657.332788,14724,51.80937827,40.64792176,545232
2014-07-25,3867.495865,20364,47.69631672,40.0658024,545791
2014-07-26,3501.47875,19092,47.30091921,41.26859418,546307
2014-07-27,2637.1675,14365,50.79867159,39.0810999,546685
2014-07-28,2069.444381,12310,52.69614121,41.16165719,547039
2014-07-29,2389.184476,14858,47.84655151,50.83456724,547358
2014-07-30,2419.991905,13576,48.15241216,41.8017089,547721
2014-07-31,2981.016571,16310,48.78616032,39.94481913,548212
2014-08-01,4520.945238,23789,47.86491447,40.922275,548807
2014-08-02,3861.717524,20345,47.07532799,40.32440403,549375
2014-08-03,2764.286286,14971,49.42990537,39.6099125,549779
2014-08-04,2017.781333,11679,48.23592665,40.16611011,550040
2014-08-05,2333.177524,14855,47.92621662,50.42073376,550426
2014-08-06,2348.213048,13401,48.61715516,41.8700097,550799
2014-08-07,2604.384952,14569,49.48360351,40.62735946,551207
2014-08-08,4972.862857,26401,52.99404999,40.40377258,552010
2014-08-09,4393.658667,24077,52.48877083,40.19603771,552816
2014-08-10,2713.882667,14969,51.88172152,40.55047097,553269
2014-08-11,1706.225429,10132,50.00935231,41.55151994,553547
2014-08-12,2117.411333,13937,50.27876132,52.3211595,553866
2014-08-13,2100.608762,12198,50.23541022,42.84308903,554207
2014-08-14,2489.784571,14240,49.16683937,42.66853933,554545
2014-08-15,4475.673619,23670,50.83064591,41.79552176,555172
2014-08-16,4312.709524,23010,51.72330288,40.39113429,555811
2014-08-17,2773.481619,15411,52.98190272,40.15313737,556275
2014-08-18,1699.900571,10149,50.20081847,41.45235984,556573
2014-08-19,2200.657333,14704,53.7300327,53.16240479,556999
2014-08-20,2300.287429,13474,53.90609157,43.37242096,557464
2014-08-21,2376.107714,13632,50.66754028,42.5689554,557791
2014-08-22,4616.513333,24974,53.38545746,42.64435012,558584
2014-08-23,4050.964381,21616,50.18572885,39.803849,559150
2014-08-24,2709.049524,15167,53.71219989,40.32438847,559568
2014-08-25,1538.230476,9422,48.81736095,42.72978136,559796
2014-08-26,1977.235333,13074,47.75252564,53.56432614,560097
2014-08-27,2057.462286,11860,48.53492194,42.6391231,560369
2014-08-28,2632.464857,14825,49.82654858,41.11298482,560799
2014-08-29,4939.604667,25515,48.55436763,40.79952969,561474
2014-08-30,5266.882286,25356,45.1500123,39.30430667,562327
2014-08-31,3169.413429,16543,50.40766594,38.99534546,562905
2014-09-01,2709.199048,15439,56.0226586,37.70321912,563453
2014-09-02,2029.272571,13484,51.04289776,51.40907743,563849
2014-09-03,2299.449333,13444,50.81759948,40.21868492,564319
2014-09-04,2919.879333,17090,53.32106516,42.74429491,564937
2014-09-05,4620.554095,25299,51.03410809,41.65382031,565772
2014-09-06,4536.027714,24993,52.28646352,38.97091186,566583
2014-09-07,4015.106286,20522,49.58767622,38.94357275,567317
2014-09-08,1914.656381,12487,57.1727952,43.98974934,567749
2014-09-09,2072.210667,13925,49.07985086,53.49371634,568152
2014-09-10,2088.140095,12341,50.77924666,42.33044324,568555
2014-09-11,2532.203143,14887,51.22009131,42.42627796,569018
2014-09-12,4625.267238,25331,52.29360029,41.37223165,569837
2014-09-13,4741.966286,26083,53.18012745,40.05674194,570653
2014-09-14,3014.140952,17329,55.19299505,38.88279762,571209
2014-09-15,1746.799048,10813,52.53888609,41.89401646,571526
2014-09-16,2099.736095,14094,48.80158863,53.11480062,571927
2014-09-17,1999.383333,11846,49.47666007,41.5920986,572281
2014-09-18,2553.73219,14792,50.66618463,41.13710114,572687
2014-09-19,4628.060095,26079,54.41719271,42.04148932,573608
2014-09-20,4435.796476,23316,47.83497624,39.20054898,574334
2014-09-21,2897.965619,16865,53.62212552,39.06907797,574874
2014-09-22,1618.168952,10004,50.90768672,41.99320272,575153
2014-09-23,1965.012571,13329,49.0882598,55.06039463,575498
2014-09-24,1966.588667,11600,49.12803563,42.62068966,575764
2014-09-25,2581.980476,15441,52.18280025,43.59173629,576245
2014-09-26,4362.256762,23790,50.56987759,41.56788567,576901
2014-09-27,4422.200571,24308,51.3581775,39.17640283,577644
2014-09-28,3348.033619,18150,51.09490708,39.54269972,578240
2014-09-29,1842.172571,10966,51.83055597,41.0997629,578535
2014-09-30,2197.723905,14333,49.66203346,53.56868764,578923
2014-10-01,2363.199143,13282,49.18316337,41.28143352,579268
2014-10-02,2637.88981,14691,49.82974667,41.06595875,579663
2014-10-03,4851.741238,25398,48.85341214,41.01504055,580353
2014-10-04,4700.071143,23196,46.50249772,38.4247284,581008
2014-10-05,3026.06219,16712,54.29656452,37.43417903,581516
2014-10-06,1795.576857,10598,49.93389311,41.11153048,581809
2014-10-07,2158.594667,13698,48.42388196,53.48956052,582190
2014-10-08,2214.378952,12029,48.92441303,40.08645773,582491
2014-10-09,2563.456952,14243,49.9512823,40.30049849,582878
2014-10-10,4320.18019,22559,49.38795542,40.68886032,583435
2014-10-11,4295.667143,22605,50.81876411,38.58438399,584072
2014-10-12,3335.913714,18188,55.83909987,37.88761821,584685
2014-10-13,1964.009238,11512,52.0597784,40.28839472,585001
2014-10-14,2391.360571,15320,52.25701758,49.3537859,585501
2014-10-15,2190.509811,12369,50.03101285,40.8440456,585879
2014-10-16,2555.075755,14319,51.18256472,41.51826245,586292
2014-10-17,4397.087547,23372,50.07860263,41.67807633,586942
2014-10-18,4349.501792,23122,51.46738667,38.46120578,587631
2014-10-19,2979.690094,16776,54.36928274,38.90677158,588128
2014-10-20,1713.016226,10139,51.1099918,41.93707466,588371
2014-10-21,2065.023774,13757,48.28816444,54.41593371,588657
2014-10-22,2113.600189,12167,49.31116817,42.65636558,588974
2014-10-23,2492.426698,14030,49.57170823,42.38774056,589356
2014-10-24,4536.607358,24119,51.03800866,41.04647788,590061
2014-10-25,4212.622075,22295,49.59419126,40.16595649,590649
2014-10-26,3015.844623,17123,55.24544847,40.10395375,591147
2014-10-27,1744.033396,10464,52.02040877,41.52331804,591404
2014-10-28,2136.419057,14093,49.39730307,54.23259774,591748
2014-10-29,2295.65783,13032,52.08869509,41.45181093,592097
2014-10-30,2649.045472,14646,52.17319645,41.93636488,592535
2014-10-31,6691.714717,30600,48.50257519,41.45098039,593283
2014-11-01,4783.845283,25236,52.50281608,36.44396893,594017
2014-11-02,2917.568679,16205,53.0753896,37.85251466,594548
2014-11-03,1856.931415,10922,51.05855557,39.95605201,594856
2014-11-04,2409.62783,15652,50.50001654,51.2905699,595238
2014-11-05,2187.135849,12350,48.54770864,41.74898785,595545
2014-11-06,2528.931509,14377,51.34511652,40.94734646,595967
2014-11-07,4568.683491,24086,51.17205743,40.41767002,596575
2014-11-08,4521.764906,23928,50.1135389,38.19374791,597273
2014-11-09,3028.445472,16734,53.90083374,38.16780208,597754
2014-11-10,2084.284906,12612,56.55867675,43.05423406,598113
2014-11-11,2154.658491,14018,47.39690832,53.37423313,598443
2014-11-12,2151.251698,12161,50.84773375,41.31239207,598776
2014-11-13,2641.64934,14620,52.98070106,38.57045144,599161
2014-11-14,5064.62434,26456,52.23206221,39.510886,599864
2014-11-15,5354.974057,26206,49.62864274,37.71273754,600705
2014-11-16,3211.110189,17605,55.41066618,35.77392786,601260
2014-11-17,2123.526509,12873,58.88938927,39.85085062,601634
2014-11-18,2222.157075,14326,48.9988374,51.34720089,601948
2014-11-19,2135.47434,11983,51.09578412,39.86480848,602266
2014-11-20,2607.001792,14641,50.98910521,40.57782938,602628
2014-11-21,4714.36934,24752,52.1219039,40.55025856,603295
2014-11-22,4594.699434,22994,49.17568057,39.30155693,603908
2014-11-23,3798.358396,20448,57.03169584,34.26251956,604506
2014-11-24,2227.674717,12916,53.29959084,40.98017962,604790
2014-11-25,2655.203962,15820,51.94206379,46.95322377,605129
2014-11-26,3452.030189,18221,50.77156948,42.50041161,605518
2014-11-27,41.08820755,193,14.81534205,54.92227979,605577
2014-11-28,3425.689811,17446,53.577781,37.37819557,606032
2014-11-29,4564.443113,22305,51.03888244,38.93297467,606657
2014-11-30,3169.203962,17726,56.80194318,37.72424687,607115
2014-12-01,2320.861981,14157,58.22261386,42.86218832,607494
2014-12-02,2359.39217,15063,48.15525521,52.09453628,607832
2014-12-03,2484.929906,13692,47.587888,41.0458662,n/a
2014-12-04,2803.484151,15382,49.18851313,39.85827591,608173
2014-12-05,4956.502358,26085,49.10576301,40.04216983,609178
2014-12-06,5073.63217,26666,51.92305851,37.14467862,609983
2014-12-07,3080.098302,16891,52.77743525,38.2215381,610479
2014-12-08,2094.714717,12237,52.83981572,39.87905532,610826
2014-12-09,2431.246132,15275,49.83067733,50.70376432,611245
2014-12-10,2456.625472,13799,52.38973696,39.94492355,611658
2014-12-11,2680.58717,14905,51.84413271,40.2079839,612031
2014-12-12,4923.247453,25571,51.08663608,39.396191,612687
2014-12-13,4438.506132,23319,49.77840262,37.92615464,613273
2014-12-14,3276.048868,17781,54.03988145,37.3544795,613735
2014-12-15,2070.172547,12185,51.071406,41.09971276,614074
2014-12-16,2486.936792,15828,50.04038461,51.27621936,614498
2014-12-17,2626.008491,14444,49.50137396,40.63971199,614880
2014-12-18,3071.76566,16292,47.5794789,40.17309109,615306
2014-12-19,5157.05717,25944,48.53688496,39.90518039,615953
2014-12-20,4312.790094,22743,50.66687666,39.07136262,616579
2014-12-21,3353.765943,17951,52.84299523,38.75550109,616987
2014-12-22,3202.293774,18160,56.48517746,39.35022026,617507
2014-12-23,3413.291604,19050,50.6901364,42.77165354,617924
2014-12-24,2738.63434,14021,44.24212743,49.55424007,618227
2014-12-25,0,0,n/a,n/a,618266
2014-12-26,3479.869528,18535,52.46085593,38.01456704,618753
2014-12-27,3680.295,19814,52.220801,39.65378016,619292
2014-12-28,3777.983962,21391,59.56633554,38.64709457,620011
2014-12-29,2725.052075,16005,56.29079548,41.26210559,620517
2014-12-30,3285.313679,19517,53.46192065,45.73961162,621180
2014-12-31,4823.115566,24968,49.82751402,43.17926946,621985
2015-01-01,3727.441698,20190,56.78516617,35.77513621,622721
2015-01-02,4512.436509,25062,53.76186864,37.55087383,623627
2015-01-03,4464.009245,24786,52.40248961,38.86064714,624475
2015-01-04,3140.015,17957,54.80694886,39.00985688,625174
2015-01-05,2076.788679,12621,52.65768176,40.01267728,625624
2015-01-06,2184.177453,14674,49.82277124,51.38339921,626037
2015-01-07,2394.913868,13925,51.54884642,38.08258528,626540
2015-01-08,2651.27934,15353,52.70605743,37.43242363,627075
2015-01-09,5011.717075,27482,53.4600831,40.16811004,627951
2015-01-10,4661.242453,25557,52.65941929,37.74308409,628795
2015-01-11,3285.336132,18686,54.23959232,38.03917371,629448
2015-01-12,2229.654528,13249,53.67301593,41.00686844,629828
2015-01-13,2169.864528,14228,49.93442335,51.49001968,630193
2015-01-14,2196.77783,12751,51.51898074,40.73406007,630551
2015-01-15,2655.928868,15123,52.36750842,38.74231303,631002
2015-01-16,4807.598302,25931,52.81286059,40.53835178,631715
2015-01-17,4219.927547,22889,50.16571419,39.20223688,632355
2015-01-18,3779.073019,20646,54.38418636,38.52077884,632956
2015-01-19,2151.413113,12678,54.15107376,39.26486828,633312
2015-01-20,1912.197358,12826,49.23150251,53.53968501,633606
2015-01-21,1937.35934,11260,50.03374317,41.39431616,633869
2015-01-22,2337.877547,13629,50.73723538,41.33832269,634199
2015-01-23,5096.363113,27349,54.10470386,38.88990457,635100
2015-01-24,4130.320189,22337,52.20314593,38.63992479,635757
2015-01-25,2712.793585,15686,54.86249432,39.47469081,636156
2015-01-26,1797.427925,10670,53.07368978,38.64104967,636454
2015-01-27,2216.225849,14265,49.38855339,52.18366632,636823
2015-01-28,2201.747642,12768,51.88343736,40.89912281,637172
2015-01-29,2683.51217,14805,52.27996582,40.74974671,637690
2015-01-30,5362.268019,27369,51.8612293,38.92725346,638623
2015-01-31,4687.667736,24398,50.96411745,37.66702189,639508
2015-02-01,6555.354811,31568,56.90901753,45.08996452,641204
2015-02-02,1955.951887,11648,51.90158823,38.35851648,641592
2015-02-03,2367.133774,15134,49.38093669,49.70926391,641996
2015-02-04,2578.412897,14786,52.94043811,38.38090085,642420
2015-02-05,2790.39729,15869,50.98854211,39.58031382,642925
2015-02-06,5384.909252,28239,52.21644412,39.77123836,643714
2015-02-07,4594.377664,24514,51.15405072,37.692747,644431
2015-02-08,3053.29,17128,52.7938501,38.72606259,644977
2015-02-09,2180.511963,12728,53.01111228,37.79855437,645368
2015-02-10,2499.781402,15848,49.67655677,50.31549722,645742
2015-02-11,2655.688692,14672,51.12248723,39.87186478,646162
2015-02-12,3169.744019,17227,51.79508142,37.84176003,646686
2015-02-13,5743.098879,29521,50.44583863,38.35913418,647473
2015-02-14,5872.190561,31050,50.75849753,38.02254428,648382
2015-02-15,3268.101308,17834,51.04847526,37.73690703,648951
2015-02-16,2811.762056,15832,54.44067833,33.41965639,649588
2015-02-17,2918.379533,17483,48.4828301,46.57667448,650053
2015-02-18,2755.121215,15326,52.88521492,38.17042934,650549
2015-02-19,3074.98785,16680,51.73250438,35.83932854,651103
2015-02-20,5523.323832,28620,51.58107678,39.35359888,652015
2015-02-21,4734.37,25093,51.40314438,38.03849679,652760
2015-02-22,3316.696822,18172,53.71694831,37.00748404,653273
2015-02-23,2064.980093,11962,51.36667381,38.27955191,653637
2015-02-24,3030.043551,18323,51.41829799,46.65174917,654207
2015-02-25,3405.862804,18361,48.38916303,44.21872447,654820
2015-02-26,2984.296822,16192,50.14113752,37.58646245,655370
2015-02-27,5013.383178,26021,49.87681384,39.4373775,656126
2015-02-28,4655.935701,24242,48.88672307,37.18340071,656863
2015-03-01,3173.359533,17559,53.18190601,36.7959451,657444
2015-03-02,1981.978785,11659,51.44412223,39.19718672,657810
2015-03-03,2517.858224,15849,48.01099867,48.96207963,658239
2015-03-04,2558.255794,14302,50.05869763,40.02237449,658662
2015-03-05,3031.956449,16560,51.80935884,36.85990338,659189
2015-03-06,5072.485701,26439,51.5687096,38.87060781,659999
2015-03-07,4542.424206,23690,50.47346677,37.64457577,660671
2015-03-08,2947.500935,16205,52.58744775,38.13637766,661091
2015-03-09,2383.859346,11726,43.97986537,38.77707658,661446
2015-03-10,2202.177383,13998,49.16998461,48.87126732,661784
2015-03-11,2343.068131,13409,50.88895944,39.58535312,662149
2015-03-12,2716.75729,15068,50.51095308,40.19777011,662573
2015-03-13,5172.810187,27227,52.50815872,39.0127447,663406
2015-03-14,4384.534953,23279,50.98066006,37.65625671,664113
2015-03-15,2728.50486,15129,53.35725615,37.95359905,664525
2015-03-16,1829.24486,10924,51.55570554,40.41559868,664822
2015-03-17,2266.376449,14273,48.66549708,50.48693337,665182
2015-03-18,2504.073738,13995,49.47544355,40.37156127,665593
2015-03-19,2986.711308,16364,52.47490199,37.79027133,666141
2015-03-20,4965.271963,25796,51.21465709,40.28531555,667090
2015-03-21,4277.318318,22352,47.79429447,38.28740157,667840
2015-03-22,3354.070654,18353,54.02879681,35.38386095,668514
2015-03-23,1851.055234,10975,51.63535667,40.30068337,668913
2015-03-24,2201.611776,14394,47.79303574,53.12630263,669320
2015-03-25,2366.144579,13269,50.49275909,40.07837817,669826
2015-03-26,2719.426916,15304,51.10784405,39.67590173,670344
2015-03-27,5083.210374,26599,52.13906783,39.67442385,671113
2015-03-28,4618.195047,24152,49.57328172,38.17903279,671877
2015-03-29,3128.793178,16958,53.42540331,37.56928883,672433
2015-03-30,1971.780654,11767,53.00658786,39.69575933,672786
2015-03-31,2609.734953,16436,48.6488942,49.95132636,673247
2015-04-01,2640.965047,14867,48.51431398,39.49687227,673628
2015-04-02,3344.714393,18098,50.023502,37.49033042,674194
2015-04-03,4805.781869,25622,49.78481917,40.07103271,674959
2015-04-04,4087.093551,22255,50.36759093,40.00449337,675611
2015-04-05,2458.747196,13947,52.4064436,39.22707392,675991
2015-04-06,2431.291028,14251,53.32700053,37.45000351,676404
2015-04-07,2441.488318,15963,50.49768746,49.18874898,676760
2015-04-08,2561.865047,14909,52.42138503,39.66060769,677151
2015-04-09,2693.381495,15377,51.0410462,38.61611498,677508
2015-04-10,4739.752056,26070,52.01092088,37.13463751,678255
2015-04-11,4017.913832,21671,50.23583867,37.84781505,678799
2015-04-12,3160.096542,17575,53.4879879,37.57041252,679336
2015-04-13,2086.671495,12199,52.96891687,38.12607591,679732
2015-04-14,2348.020093,15374,48.80472572,51.42448289,680074
2015-04-15,2463.515514,14171,52.49612513,40.25827394,680532
2015-04-16,2946.23785,16903,52.9885777,39.18830977,681023
2015-04-17,5493.431028,29300,53.61014188,38.33788396,681952
2015-04-18,4586.823645,24877,51.83545358,37.8502231,682726
2015-04-19,3418.14972,19417,56.30013472,36.78735129,683330
2015-04-20,1997.079533,11747,54.32567397,38.52898612,683670
2015-04-21,2310.462243,14871,48.68528958,52.20899738,684033
2015-04-22,2373.250374,13323,51.48924073,39.61570217,684376
2015-04-23,2636.985421,14774,49.99343274,40.19899824,684769
2015-04-24,4888.529252,25391,51.41478919,40.21109842,685385
2015-04-25,4646.525234,24603,53.43909286,36.43864569,686123
2015-04-26,2918.759159,16143,53.62724712,38.17753825,686585
2015-04-27,1976.091963,11795,53.09657729,40.00847817,686899
2015-04-28,2522.17243,16139,51.42228486,51.71324122,687323
2015-04-29,2696.089065,15332,53.59310178,39.36211845,687838
2015-04-30,2968.324393,16504,52.49002151,39.45710131,688324
2015-05-01,5395.775981,28294,51.45512664,39.45006008,689157
2015-05-02,5179.152523,25987,49.29983854,38.08827491,689891
2015-05-03,3143.939065,17592,54.31987398,37.45452478,690402
2015-05-04,2028.622991,12027,53.4866522,38.978964,690751
2015-05-05,2316.153458,15016,51.88191895,49.52717102,691079
2015-05-06,2527.609065,14680,52.9723095,41.10354223,691467
2015-05-07,2815.10243,15962,51.79830445,41.02242827,691918
2015-05-08,4976.892991,25982,51.32745902,39.51966746,692630
2015-05-09,4237.609626,21808,48.70797707,37.35785033,693207
2015-05-10,2821.709159,15386,53.87259157,38.80150786,693672
2015-05-11,2019.160187,11878,52.32696447,39.5015996,694071
2015-05-12,2376.710561,14925,48.55535234,49.93634841,694431
2015-05-13,2552.136916,14303,50.08919225,40.93546808,694888
2015-05-14,2784.964019,15438,50.54866898,39.62948568,695315
2015-05-15,5092.608785,26368,50.39980977,41.00424757,695978
2015-05-16,4377.227103,22777,49.48873449,37.76616763,696547
2015-05-17,3202.313645,17536,54.44660689,37.11792883,697040
2015-05-18,2301.081869,13257,53.69712321,38.87003093,697435
2015-05-19,2485.675421,15131,48.48566141,49.52085123,697821
2015-05-20,2806.503645,15201,49.58005253,39.53029406,698228
2015-05-21,3191.49,16803,47.93508543,39.45128846,698657
2015-05-22,4924.744766,25581,51.10820583,40.27207693,699130
2015-05-23,3564.585514,19038,49.39433128,38.03971005,699475
2015-05-24,2817.903084,15468,52.14331343,38.82854926,699743
2015-05-25,2727.574393,14882,55.15671964,35.94946916,700027
2015-05-26,2797.221402,16806,54.43731896,43.27026062,700405
2015-05-27,2404.032243,13642,51.60181619,40.0820994,700625
2015-05-28,3059.40486,16799,52.83075946,37.75224716,700987
2015-05-29,4680.783364,24846,51.68276011,40.65845609,701486
2015-05-30,4145.976636,22079,50.29464891,38.09502242,701847
2015-05-31,3420.169626,18680,55.26956839,37.90149893,702240
2015-06-01,2380.848505,13888,54.05425436,39.32171659,702540
2015-06-02,2615.842523,16175,49.78954441,47.86398764,702799
2015-06-03,2874.261028,16191,52.07937234,39.52195664,703097
2015-06-04,3163.633271,17363,50.92586083,40.16011058,703454
2015-06-05,4527.048598,24024,50.54371419,40.44705295,703887
2015-06-06,4256.424766,22358,49.92872018,39.14929779,704365
2015-06-07,3079.826262,16943,53.31340908,37.94487399,704733
2015-06-08,2145.755234,12393,51.9302726,38.44912451,704967
2015-06-09,2849.046449,17507,50.5223735,46.02730336,705355
2015-06-10,2712.365701,15456,52.94131794,40.96143892,705694
2015-06-11,3000.343458,16751,51.50109762,39.96776312,706029
2015-06-12,4556.04757,24425,51.16715876,41.08495394,706538
2015-06-13,4072.457757,21501,50.65394619,37.60290219,706941
2015-06-14,3110.86271,17086,54.3457173,38.34718483,707305
2015-06-15,2232.800654,12980,55.91031121,38.55161787,707573
2015-06-16,2626.419065,15955,50.24962384,47.76559072,707886
2015-06-17,2478.691495,14016,52.92630469,39.04109589,708209
2015-06-18,2884.870187,16034,52.78310357,38.49943869,708609
2015-06-19,4255.614486,22411,51.41035125,38.81129802,709137
2015-06-20,3755.198037,20384,52.32826801,38.96193093,709589
2015-06-21,2586.09215,14274,54.8567163,39.28821634,709943
2015-06-22,2105.834299,12226,52.9461651,38.15638803,710191
2015-06-23,2385.374299,15032,51.00820597,47.86455561,710584
2015-06-24,2681.927196,14967,52.47778824,37.74971604,711077
2015-06-25,2753.897383,15221,51.29067379,38.47316208,711506
2015-06-26,4565.903458,23654,51.6126677,39.46901158,712168
2015-06-27,4104.528037,22012,51.91359895,38.1201163,712766
2015-06-28,2908.842243,15977,53.37884373,38.40520749,713218
2015-06-29,2114.978972,12545,53.70480474,38.75647668,713569
2015-06-30,2646.515327,16470,51.65768324,47.92956891,713974
2015-07-01,3052.884019,17143,52.60937421,37.44968792,714512
2015-07-02,3409.702991,18824,51.21219208,38.81746706,715056
2015-07-03,3856.581121,21042,50.79619695,39.75382568,715573
2015-07-04,2704.784206,14646,49.00815588,40.59811553,715918
2015-07-05,2976.363364,16856,56.86123014,38.21784528,716368
2015-07-06,2145.921495,12681,53.30592352,39.29500828,716738
2015-07-07,2384.533925,15198,49.98017403,48.63139887,717089
2015-07-08,2512.423551,14474,54.11568202,39.65731657,717457
2015-07-09,2765.626355,15711,52.31416371,38.50805168,717878
2015-07-10,4365.07972,23568,52.9137974,39.99915139,718548
2015-07-11,3933.176636,21247,50.33259364,38.44307432,719106
2015-07-12,2960.022056,16537,55.04024092,37.69123783,719538
2015-07-13,2200.867664,13227,56.65317468,38.9279504,719971
2015-07-14,2595.026355,16545,55.12794749,46.38259293,n/a
2015-07-15,2674.758505,15476,55.73978274,39.37710003,721008
2015-07-16,2916.655794,16471,53.76908908,40.03399915,721504
2015-07-17,4425.66215,23971,54.43601924,39.89821034,722264
2015-07-18,4190.192243,23028,55.18253272,37.84088935,722964
2015-07-19,3055.856075,17208,57.06567687,38.66225012,723506
2015-07-20,2083.978972,12424,53.81947053,38.16806182,723851
2015-07-21,2546.64757,15986,53.62991235,47.92943826,724289
2015-07-22,2537.382617,14592,54.36876708,39.35718202,724689
2015-07-23,2698.734766,15358,53.59484483,38.95689543,725082
2015-07-24,4133.437009,22437,53.70074227,39.86272675,725627
2015-07-25,3897.255234,21427,53.71696654,38.4794885,726209
2015-07-26,2910.549252,16289,55.82322725,38.60273804,726651
2015-07-27,2129.494766,12495,54.17257501,38.1352541,726998
2015-07-28,2515.345234,16107,49.31331401,48.02880735,727437
2015-07-29,2569.756449,14975,52.90369712,40.52086811,727828
2015-07-30,2977.144019,17015,51.0451731,39.78254481,728287
2015-07-31,4757.193271,25037,51.22717652,38.87845988,728994
2015-08-01,4317.255234,22493,49.89723806,37.87400525,729580
2015-08-02,3030.592991,16583,53.10734197,38.55152867,730091
2015-08-03,2233.358692,13210,52.56931662,39.9015897,730446
2015-08-04,2530.907009,15912,51.29331382,48.52941176,730881
2015-08-05,2529.394299,14061,51.25842436,39.95448403,731251
2015-08-06,2881.298598,16018,52.1665935,39.00611812,731683
2015-08-07,4632.285888,24412,53.31200907,40.50057349,732286
2015-08-08,4188.353364,22042,52.07241683,38.05915979,732867
2015-08-09,2889.098505,16065,54.36823193,39.27170868,733285
2015-08-10,1969.159626,11482,53.88625386,37.61539801,733575
2015-08-11,2158.41,13885,50.6155903,50.90385308,733977
2015-08-12,2288.38785,13083,53.71485456,40.6710999,734301
2015-08-13,2676.004486,15067,53.37436745,39.92832017,734742
2015-08-14,4666.591215,24585,53.08704591,40.44335977,735397
2015-08-15,4376.67215,23598,53.54498848,38.33799475,736053
2015-08-16,2710.248692,15062,53.94148573,38.76643208,736458
2015-08-17,2012.891028,12130,57.64670836,39.76092333,736803
2015-08-18,2170.39514,13879,51.59836522,49.15339722,737169
2015-08-19,2241.668411,12538,52.12017901,39.12107194,737464
2015-08-20,2397.295607,13420,52.62475087,39.50074516,737845
2015-08-21,4530.074393,23674,52.1257599,40.14108304,738461
2015-08-22,4201.112243,22287,52.18207123,39.84834208,739022
2015-08-23,2864.496075,16006,56.01565254,38.17943271,739462
2015-08-24,1798.936168,11296,58.23732687,42.21848442,739742
2015-08-25,2043.502804,13298,50.04456339,54.07580087,740064
2015-08-26,2146.188037,12258,51.8893311,41.49127101,740399
2015-08-27,2409.620093,13557,48.92698989,40.70222026,740760
2015-08-28,4696.620187,25048,52.59152754,40.61402108,741546
2015-08-29,4394.677757,23556,53.10847539,38.58040414,742265
2015-08-30,3042.908879,17147,57.45139343,38.35073191,742857
2015-08-31,2023.153925,12591,58.67504826,42.70510682,743273
2015-09-01,2434.02271,15838,50.64940186,51.75527213,743781
2015-09-02,2444.068505,14183,52.80261008,41.11259959,744336
2015-09-03,3181.354299,17940,53.91462185,38.65663322,745017
2015-09-04,5128.590374,26878,47.13802778,41.08192574,745854
2015-09-05,5275.229439,25982,49.50017588,38.7537526,746877
2015-09-06,3593.76514,17806,49.29043387,39.21711783,747537
2015-09-07,2844.539252,16388,57.68938813,38.61361972,748192
2015-09-08,2076.729907,14039,52.3685107,51.37118028,748697
2015-09-09,2125.541402,12662,53.20036549,40.88611594,749145
2015-09-10,2856.292523,16480,54.32261218,39.99393204,749736
2015-09-11,4513.204299,24792,53.87576757,40.90432398,750519
2015-09-12,4780.635981,26101,54.41058413,38.82992989,751423
2015-09-13,3167.77486,18182,58.3211347,38.19161808,752144
2015-09-14,2245.719439,14180,57.49882289,42.21438646,752586
2015-09-15,2435.299907,16442,55.54885121,52.17735069,753139
2015-09-16,2306.398411,13371,52.5217312,40.93186747,753556
2015-09-17,2551.668131,14847,52.28208602,41.01838755,753979
2015-09-18,4641.980467,25501,53.00744681,40.22195208,754756
2015-09-19,4929.645981,25581,51.56925261,37.63339979,755582
2015-09-20,3275.866355,18605,57.94876264,37.47379737,756206
2015-09-21,2059.249907,13030,57.44331458,42.1105142,756580
2015-09-22,2145.110935,14309,51.76418343,51.67377175,756913
2015-09-23,2352.741869,13702,52.62059324,40.75317472,757323
2015-09-24,2832.800374,16184,52.75773149,39.52669303,757770
2015-09-25,4889.664953,26440,53.7826694,39.40998487,758548
2015-09-26,4899.306075,26240,52.81590803,37.26371951,759477
2015-09-27,3288.257757,18905,57.25253819,37.88944724,760128
2015-09-28,2210.578785,13645,59.71536274,41.56101136,760600
2015-09-29,2316.038972,14936,51.2996428,50.12051419,761044
2015-09-30,2444.07,13936,51.93389883,41.41791045,761403
2015-10-01,2962.531682,16679,51.61660324,39.41483302,761957
2015-10-02,5297.294486,28171,53.07821656,39.66135387,762937
2015-10-03,6050.680467,30640,52.27926708,37.02023499,764186
2015-10-04,3535.676449,19817,55.4345296,37.76050865,764906
2015-10-05,2298.116355,14415,59.09739163,43.37842525,765396
2015-10-06,2249.681121,14601,49.57275773,51.88000822,765894
2015-10-07,2333.416916,13268,52.34705945,39.96080796,766304
2015-10-08,2769.096355,15457,52.13753561,40.37005887,766753
2015-10-09,4678.892617,25109,52.83926417,40.05336732,767464
2015-10-10,4686.171963,25194,52.95822228,37.81455902,768333
2015-10-11,3459.874486,19237,56.11281561,38.08286115,768993
2015-10-12,2387.137009,14702,59.93099073,41.8310434,769536
2015-10-13,2188.84729,14250,51.22864568,51.81754386,769907
2015-10-14,2344.475701,13477,53.30532423,40.89930994,770362
2015-10-15,2997.87215,16849,52.40694085,41.37337527,770916
2015-10-16,4713.249533,24957,51.55393713,40.36142165,771722
2015-10-17,4769.754673,24440,49.94784406,38.42880524,772580
2015-10-18,3149.309626,17561,56.22565017,37.85091965,773125
2015-10-19,1867.822617,11080,54.80573562,39.69314079,773470
2015-10-20,2103.561028,13828,50.26476021,52.0971941,773809
2015-10-21,2287.121682,13003,52.896752,40.20610628,774191
2015-10-22,2620.431495,14697,53.68434898,40.11703069,774583
2015-10-23,4643.832523,24297,51.11199241,40.78281269,775172
2015-10-24,4364.063178,23399,52.20290934,39.66408821,775852
2015-10-25,3321.278224,18772,56.73785037,39.93714042,776404
2015-10-26,2364.81028,14278,60.71154273,39.43829668,776908
2015-10-27,2399.434206,14963,51.25109323,48.85383947,777333
2015-10-28,2368.58757,13139,51.91367843,40.01826623,777693
2015-10-29,2757.571308,14887,51.190254,39.8334117,778094
2015-10-30,5285.958785,26404,50.83213137,39.22511741,778828
2015-10-31,6075.157664,29160,51.08581544,39.32098765,779688
2015-11-01,3641.155421,20005,57.47274737,35.22619345,780349
2015-11-02,2161.946168,12568,57.25377498,37.69891789,780888
2015-11-03,2291.362991,14631,50.85189063,49.88722575,781426
2015-11-04,2430.372336,13760,54.04655508,40.42151163,781886
2015-11-05,2729.969346,15316,54.14898706,38.97231653,782407
2015-11-06,4384.228037,23293,34.19734588,41.16258103,782842
2015-11-07,5123.577103,26493,53.2590831,36.92296078,783883
2015-11-08,3658.823832,20124,58.02907144,34.77936792,784707
2015-11-09,1942.176355,11649,56.34342089,38.29513263,785069
2015-11-10,2275.117103,14837,52.28539741,51.41875042,785537
2015-11-11,2515.355794,14608,56.39530678,39.36199343,786018
2015-11-12,2713.053645,15783,53.85115933,40.20148261,786562
2015-11-13,5046.906636,26807,54.36463061,39.73215951,787454
2015-11-14,4717.521028,25853,54.17042948,38.19285963,788321
2015-11-15,3218.51,18449,57.96467553,37.47086563,789022
2015-11-16,1944.84028,11974,54.58416185,40.87188909,789379
2015-11-17,2176.557944,14509,49.88050669,52.140051,789745
2015-11-18,2782.540935,15771,55.82844538,35.59064105,790285
2015-11-19,2680.773832,15508,53.52350486,40.04384834,790740
2015-11-20,4941.703084,26564,52.66370104,39.65517241,791448
2015-11-21,4968.229346,25971,50.96893242,38.64310192,792213
2015-11-22,3357.486168,19062,57.09819836,37.62459343,792742
2015-11-23,2439.256542,14467,56.23939346,38.84011889,793191
2015-11-24,2756.849065,16942,52.22554803,45.9331838,793564
2015-11-25,3603.190467,19642,53.4542051,41.82364321,794046
2015-11-26,34.64859813,153,12.01569833,49.67320261,794081
2015-11-27,3492.773084,19037,57.43172177,39.59657509,794567
2015-11-28,4097.758318,22419,55.52176761,38.90450065,795213
2015-11-29,3204.530654,18498,58.50177719,37.84192886,795765
2015-11-30,2080.79785,12418,55.33872544,40.78756644,796118
2015-12-01,2685.79757,17176,51.81229864,48.42803912,796583
2015-12-02,2581.746636,14809,52.69842857,39.9149166,797041
2015-12-03,2938.376636,16821,52.3686262,39.16532905,797502
2015-12-04,4930.263832,27046,47.26228088,39.91717814,798165
2015-12-05,5130.91514,28228,55.98346742,37.50885645,799023
2015-12-06,3394.866636,19766,57.0767332,38.55104725,799601
2015-12-07,2064.458692,12484,55.15403825,40.47580904,799964
2015-12-08,2414.811963,15896,52.10692282,50.26421741,800356
2015-12-09,2544.297944,14782,53.88453374,41.03639562,800802
2015-12-10,2835.897383,16395,55.24659454,39.59743824,801239
2015-12-11,4996.256542,27202,53.90533043,39.76545842,801987
2015-12-12,4708.608505,26092,56.14113311,38.87781696,802758
2015-12-13,3432.091028,19710,57.14778005,39.74632166,803351
2015-12-14,2184.308505,13233,55.52914563,40.30076324,803684
2015-12-15,2569.955421,16245,52.32401028,49.14127424,804152
2015-12-16,2845.971204,16182,53.79842831,40.86639476,804673
2015-12-17,3349.750926,18344,51.80170112,39.42978631,805244
2015-12-18,5575.955,29132,53.27577834,38.84731567,806106
2015-12-19,4440.83287,24329,54.11582057,38.73155493,806851
2015-12-20,3541.255463,20002,55.45405677,39.07609239,807423
2015-12-21,2996.60537,17925,58.13590057,40.77545328,807986
2015-12-22,3213.337963,19287,53.32261797,45.24290973,808529
2015-12-23,4049.051759,22161,55.8734042,37.71490456,809291
2015-12-24,3198.810926,16971,48.20058136,49.1249779,809769
2015-12-25,0,1,n/a,100,809783
2015-12-26,3739.450278,20744,56.31189156,39.59217123,810411
2015-12-27,3601.496204,20656,59.52779039,40.05615802,811101
2015-12-28,3379.130926,19995,61.7061493,38.26456614,811896
2015-12-29,3088.884259,18808,54.47970695,46.04955338,812423
2015-12-30,3751.75963,21171,57.20476742,37.97175381,813230
2015-12-31,5607.788241,29079,51.94523364,43.59159531,814123
2016-01-01,4030.597685,22581,57.46609586,36.48199814,814953
2016-01-02,4166.591574,23301,54.39647368,38.83524312,815706
2016-01-03,3499.230185,19983,56.95329391,39.36345894,816419
2016-01-04,2331.833889,14123,56.21190062,38.10097005,816884
2016-01-05,2380.934352,15327,53.441578,47.32171984,817278
2016-01-06,2426.573241,14050,53.59887367,40.94661922,817715
2016-01-07,2565.650741,15098,55.34677001,40.78023579,818190
2016-01-08,5047.390278,27716,56.02683748,40.98354741,818999
2016-01-09,4777.177037,26309,55.15614444,39.31354289,819764
2016-01-10,3335.649815,18861,57.1023587,38.26944489,820391
2016-01-11,2400.114722,14110,54.77619723,41.74344437,820799
2016-01-12,2248.739907,14480,52.17427736,49.39226519,821181
2016-01-13,2186.959352,12871,52.4535482,41.11568643,821523
2016-01-14,2530.736667,14562,53.65379997,40.64688916,821855
2016-01-15,5339.636852,28670,56.69571127,38.67806069,822643
2016-01-16,4626.0425,25236,54.71628127,38.4807418,823317
2016-01-17,3758.362593,20991,58.44574356,37.79238721,823914
2016-01-18,2429.983611,13987,57.53760418,36.23364553,824313
2016-01-19,2146.595833,13964,52.35711064,50,824649
2016-01-20,2353.711852,13488,54.77251692,38.40450771,825059
2016-01-21,2603.051296,14628,54.7320214,38.4057971,825438
2016-01-22,5234.063796,27953,54.30104775,42.67520481,826258
2016-01-23,4173.531389,22514,55.9876629,36.5372657,827005
2016-01-24,3391.112685,18863,57.44969756,39.70736362,827539
2016-01-25,1714.803519,10137,53.73412827,40.43602644,827798
2016-01-26,2289.377778,14482,50.84011991,51.47079133,828123
2016-01-27,2327.640463,13057,52.41364477,40.24661101,828460
2016-01-28,2718.500926,15071,53.46978403,40.02388694,828858
2016-01-29,5204.952315,26999,53.5931921,40.15704285,829527
2016-01-30,4780.752037,25240,54.52641284,37.89619651,830251
2016-01-31,3136.164815,17283,56.3915705,39.15986808,830736
2016-02-01,1968.484444,11420,53.6304015,39.78984238,831157
2016-02-02,2351.611389,14813,51.98364179,50.9012354,831558
2016-02-03,2634.535556,14770,54.69622799,38.63913338,832041
2016-02-04,2776.199444,15631,54.88282109,38.55159619,832544
2016-02-05,5256.197037,26795,55.41723871,38.57062885,833402
2016-02-06,4774.697778,24870,56.12886959,36.39726578,834402
2016-02-07,6670.371111,32161,57.42958968,47.19380616,836267
2016-02-08,2047.206667,13023,58.55184698,39.31505797,836773
2016-02-09,2915.725648,19181,58.27170207,46.46264533,837405
2016-02-10,2758.035185,15767,56.34550965,37.14086383,837898
2016-02-11,3090.108241,17164,55.05915546,37.45630389,838414
2016-02-12,5332.977037,28498,56.29784434,37.38507965,839298
2016-02-13,4829.020648,26394,55.89639629,35.33378798,840206
2016-02-14,4506.088981,25168,59.28326077,36.88413859,841111
2016-02-15,2671.431852,15887,58.77181484,34.31107195,841712
2016-02-16,2537.25963,16326,55.0080898,46.49638613,842218
2016-02-17,2473.789352,14609,56.90178043,38.33253474,842694
2016-02-18,2832.205833,16397,56.26034909,37.79349881,843189
2016-02-19,4922.645926,26974,56.34665082,38.32208794,843965
2016-02-20,4638.564259,25377,55.66809126,37.02171257,844735
2016-02-21,3355.759722,19046,59.08785903,37.13640659,845377
2016-02-22,2176.774537,13077,57.94144539,36.10919936,845785
2016-02-23,2658.661389,16868,55.03877735,46.10505098,846231
2016-02-24,2715.89463,15606,56.50258073,36.89606562,846720
2016-02-25,2955.331759,16683,55.78883276,37.49925073,847238
2016-02-26,4932.935833,26819,44.58097759,40.26995787,847880
2016-02-27,4857.496574,26811,56.92260929,36.36940062,848763
2016-02-28,3293.8275,18910,58.22175187,37.58328926,849366
2016-02-29,2093.742222,12671,55.63467875,39.27866782,849757
2016-03-01,2864.845185,18170,54.64846074,46.64832141,850234
2016-03-02,2689.802963,15712,57.12646858,38.2064664,850773
2016-03-03,3639.1775,20714,58.31599056,34.2908178,851525
2016-03-04,5323.149815,28767,55.58762219,38.71102305,852369
2016-03-05,4731.63537,26036,54.75149321,37.42126287,853136
2016-03-06,3239.731204,18704,56.43732103,38.0667237,853736
2016-03-07,2043.284167,12458,55.05290163,38.78632204,854119
2016-03-08,2273.123981,14622,51.87107285,46.64204623,854441
2016-03-09,2835.733981,14508,47.83268111,39.35070306,854865
2016-03-10,2885.337037,16528,55.36092131,38.11713456,855316
2016-03-11,4984.134444,27390,56.40393336,39.01058781,856018
2016-03-12,4589.204259,25334,54.97651231,37.72795453,856730
2016-03-13,3248.76037,18691,58.66991661,38.44631106,857366
2016-03-14,2296.988148,13400,55.74222154,39.78358209,857761
2016-03-15,2440.341574,15806,52.49182823,48.41832216,858231
2016-03-16,2427.353426,14309,52.70701588,40.36620309,858647
2016-03-17,2890.334907,16764,54.82470201,39.87711763,859198
2016-03-18,5282.793333,28787,55.61392114,39.4865738,860146
2016-03-19,4725.4975,26354,54.72376581,37.56924945,861099
2016-03-20,3399.262037,19324,56.66347788,38.04077831,861765
2016-03-21,2168.486944,13732,60.0334659,38.82901253,862243
2016-03-22,2479.632222,16580,55.92203264,48.67913148,862790
2016-03-23,2562.386111,15069,56.09514714,39.4518548,863276
2016-03-24,3370.138148,19451,58.15086105,38.51215876,863984
2016-03-25,5185.997685,28958,57.2617505,40.49658126,864913
2016-03-26,4563.02287,25943,57.18313317,39.73711599,865839
2016-03-27,2991.568704,17765,59.04574653,39.386434,866507
2016-03-28,2003.415,12570,57.83308797,38.67143994,866937
2016-03-29,2588.213333,17302,56.3236816,48.57241937,867543
2016-03-30,2860.1325,17010,57.48676627,39.93533216,868129
2016-03-31,3454.154444,19944,57.89862867,38.34737264,868899
2016-04-01,5878.953704,33027,57.78601635,38.93481091,870108
2016-04-02,4757.536204,27222,56.6362129,38.30357799,870955
2016-04-03,3387.458056,20152,60.19992813,38.88447797,871584
2016-04-04,2525.93287,15662,59.77665751,38.30289874,872100
2016-04-05,2603.638241,17257,53.91585414,47.77771339,872552
2016-04-06,2703.182685,16520,58.01761182,39.42493947,873064
2016-04-07,2980.753241,17845,57.21271981,38.39170636,873501
2016-04-08,4587.848148,26169,57.53706248,39.53914938,874202
2016-04-09,4512.4975,25561,57.17702562,37.78412425,874982
2016-04-10,3438.236574,20176,59.95383077,37.50495638,875676
2016-04-11,2218.068519,13376,57.99172119,37.6270933,876068
2016-04-12,2498.157593,16259,55.02284239,50.00922566,876512
2016-04-13,2569.936019,15006,55.19945031,40.15060642,876937
2016-04-14,2874.329722,16608,55.21848073,40.19147399,877438
2016-04-15,5248.956019,28295,57.98536834,39.24368263,878213
2016-04-16,4716.668611,25574,56.20455084,38.41010401,878896
2016-04-17,3444.520648,18636,55.79787307,38.82807469,879398
2016-04-18,2102.037037,12818,58.15276187,39.69418006,879722
2016-04-19,2423.503981,15600,54.09797102,49.02564103,880100
2016-04-20,2723.364352,15637,58.31245972,38.89492869,880559
2016-04-21,2942.380093,16613,56.4036547,38.26521399,880980
2016-04-22,5390.931389,28732,57.23385358,38.70945287,881799
2016-04-23,4679.790556,24893,54.16915224,37.64110392,882461
2016-04-24,3252.370463,18146,58.88221528,37.72181197,882992
2016-04-25,2170.017315,13030,60.00723155,39.61627015,883390
2016-04-26,2552.437315,16486,54.43256251,50.74608759,883816
2016-04-27,2627.988056,14795,55.07464149,39.55390335,884242
2016-04-28,3129.282685,17193,55.68835101,38.89373582,884769
2016-04-29,5565.998426,28831,55.20511669,38.7638306,885502
2016-04-30,5179.787407,27478,55.87127628,36.32360434,886343
2016-05-01,3556.066852,19874,59.31273112,37.29998994,886918
2016-05-02,2291.514444,13563,56.64047745,39.32020939,887281
2016-05-03,2610.639907,16632,53.63022781,47.93169793,882012
2016-05-04,2696.061389,15262,54.93472766,38.88088062,882612
2016-05-05,2849.193981,15945,53.46820795,37.96174349,883230
2016-05-06,5173.16713,27272,55.52495467,39.06204165,884170
2016-05-07,4462.341944,23637,52.82325074,37.66129373,884953
2016-05-08,3066.675093,16155,55.3637247,38.74961312,885543
2016-05-09,2297.171944,13736,57.93331148,39.80052417,886116
2016-05-10,2659.822778,17052,54.98332074,49.2024396,886738
2016-05-11,2651.638796,15046,55.06631311,39.77801409,891263
2016-05-12,3155.674167,17443,55.27487068,39.17330734,891733
2016-05-13,5424.485093,28026,54.30081186,40.06279883,892463
2016-05-14,4751.658241,24404,52.86378874,37.10457302,893066
2016-05-15,3171.897778,17634,56.87998854,38.04582057,893550
2016-05-16,2140.789167,12654,55.41042476,39.84510827,893853
2016-05-17,2608.223704,15971,53.11119218,46.93506981,894202
2016-05-18,2840.213241,15542,54.79945869,39.54446017,894607
2016-05-19,3092.490185,17137,54.85219361,40.31627473,895034
2016-05-20,5653.84537,29267,55.99690509,39.14989579,895773
2016-05-21,4419.001296,23757,54.74392634,38.59494044,896303
2016-05-22,3152.588333,17508,56.57179577,39.34772675,896707
2016-05-23,2276.301852,13101,56.07144629,38.89779406,897030
2016-05-24,2872.959167,16728,51.62192267,46.50286944,897412
2016-05-25,3288.791019,16987,52.57142646,38.92976982,897860
2016-05-26,3686.601296,19464,54.20826479,38.21927661,898374
2016-05-27,5217.452963,27437,55.06042824,39.65812589,899101
2016-05-28,4188.618426,22286,53.44979944,38.0463071,899640
2016-05-29,3403.61,18517,56.67459072,38.30534104,900087
2016-05-30,2998.983519,16617,58.39581387,37.46163567,900484
2016-05-31,2642.454815,16430,54.60550291,46.02556299,900907
2016-06-01,3034.198426,17184,54.14089321,38.20414339,901366
2016-06-02,3326.642407,18457,53.26353972,38.71159993,901865
2016-06-03,4997.184537,27079,54.59456587,39.68388788,902566
2016-06-04,4598.092222,24433,54.64301056,37.99778987,903242
2016-06-05,3463.686204,19177,55.83307454,39.34400584,903761
2016-06-06,2529.604537,14919,56.99598265,38.97714324,904138
2016-06-07,2760.116481,17505,54.42678244,47.65495573,904561
2016-06-08,2969.167778,16713,56.24252113,39.05941483,904890
2016-06-09,3117.348056,17484,54.66517585,39.20727522,905231
2016-06-10,5187.279907,27480,55.93909982,39.43231441,905764
2016-06-11,4492.815648,23977,54.73496998,37.86962506,906248
2016-06-12,3386.929259,18789,57.6190396,38.03821385,906641
2016-06-13,2567.301296,14973,56.82097579,39.53783477,906987
2016-06-14,2905.648519,17641,55.12159522,46.4826257,907411
2016-06-15,2772.989907,15567,56.8939443,38.36962806,907805
2016-06-16,3314.763796,18377,56.65558707,39.08146052,908215
2016-06-17,4930.672315,26421,56.06372401,40.03254987,908821
2016-06-18,4061.902222,21821,53.32191103,39.411576,909246
2016-06-19,3210.972593,17256,57.47962196,38.94297636,909632
2016-06-20,2386.50963,14135,58.33771496,39.27838698,909968
2016-06-21,2606.92,16388,53.58959502,47.22357823,910284
2016-06-22,2789.925093,15910,57.60031855,39.71715902,910618
2016-06-23,2975.796204,16609,55.63912105,38.73201276,910940
2016-06-24,4802.348148,25430,56.00434471,39.0562328,911556
2016-06-25,4426.606944,23638,55.86742249,37.23242237,912109
2016-06-26,3453.371944,19046,58.10058645,37.87671952,912530
2016-06-27,2350.1025,14066,57.61714806,38.48286649,912802
2016-06-28,2835.26287,17607,55.82210207,46.22025331,913153
2016-06-29,2917.953241,16152,55.47514517,38.16245666,913488
2016-06-30,3413.327963,18885,55.80703225,38.39555203,913868
2016-07-01,5060.762407,27307,55.89413643,39.29029187,914440
2016-07-02,4003.965093,21708,53.9404747,38.36834347,914870
2016-07-03,3241.356481,17852,56.64432901,39.68742998,915217
2016-07-04,2840.325556,15815,55.74071191,40.27821688,915481
2016-07-05,2713.218056,17074,55.95784082,45.19737613,915863
2016-07-06,2907.759074,16711,58.07882855,37.87924122,916265
2016-07-07,2910.902593,16692,56.54245654,39.17445483,916626
2016-07-08,4694.159815,25568,56.12485656,40.28473091,917078
2016-07-09,4354.920093,23616,56.11001665,38.86348238,917548
2016-07-10,3195.250648,17857,57.38670243,39.39071513,917940
2016-07-11,2474.837315,14285,57.35011463,38.2079104,918294
2016-07-12,2653.015648,16618,54.48947004,47.08749549,918657
2016-07-13,2725.857222,15724,57.27606654,40.021623,919028
2016-07-14,2955.078981,16657,55.78369733,39.2987933,919363
2016-07-15,4685.058889,25332,57.17312419,40.0205274,919909
2016-07-16,4500.926574,24503,57.69753746,39.1217402,920420
2016-07-17,3267.073056,18317,57.92466181,39.1876399,920797
2016-07-18,2404.622222,14251,58.54808563,39.54108484,921117
2016-07-19,2676.341019,16671,56.67237847,46.16399736,921451
2016-07-20,2786.658796,15973,57.79320881,39.15357165,921769
2016-07-21,3184.102593,17702,58.18511629,37.63981471,922147
2016-07-22,4729.135463,25525,57.89084502,40.02742409,922679
2016-07-23,4337.842778,23298,56.13961087,38.4711134,923159
2016-07-24,3162.674537,17785,58.83882269,39.01602474,923531
2016-07-25,2419.101667,14196,58.10505185,38.6728656,923813
2016-07-26,2735.746019,17211,56.4341868,47.1907501,924104
2016-07-27,2870.13963,16508,56.91642696,39.2112915,924487
2016-07-28,3259.075648,18550,57.50826815,40.1509434,924924
2016-07-29,5184.54463,27732,57.91525639,39.12447714,925505
2016-07-30,4696.808611,24863,55.83908798,38.22547561,926050
2016-07-31,3529.474352,19490,59.58346856,38.41970241,926478
2016-08-01,2572.860093,14835,56.15490457,38.17997978,926843
2016-08-02,2804.452778,17685,55.58407282,46.09556121,927174
2016-08-03,2811.395741,16252,55.34222918,38.98597096,927474
2016-08-04,3077.578704,17731,55.95395912,39.81162935,927833
2016-08-05,5302.690833,28312,57.54648046,38.53489686,928412
2016-08-06,4542.972315,24659,54.85222892,37.8117523,928901
2016-08-07,3287.019167,18516,58.81949443,39.27954202,929323
2016-08-08,2159.379537,13011,57.54673443,40.31972946,929549
2016-08-09,2427.806389,15657,55.4925268,48.02963531,929872
2016-08-10,2514.411759,14394,55.7263504,40.20425177,930147
2016-08-11,2870.912407,16376,57.15407161,39.45407914,930425
2016-08-12,5120.957685,27526,57.21654748,39.79510281,931003
2016-08-13,4622.252778,24772,55.8399033,37.87340546,931488
2016-08-14,3120.15037,17466,57.4030442,38.32016489,931844
2016-08-15,1902.743426,11542,56.38864332,40.39161324,932077
2016-08-16,2306.617404,13946,54.89451524,48.0209379,n/a